INSERT INTO public.providers (slug, name, website) VALUES ('iguana-sports', 'Iguana Sports', 'https://iguanasports.com.br/');
INSERT INTO public.providers (slug, name, website) VALUES ('yescom', 'Yescom', 'https://www.yescom.com.br/site/');
INSERT INTO public.providers (slug, name, website) VALUES ('corre-brasil', 'Corre Brasil', 'https://www.correbrasil.com.br/');
INSERT INTO public.providers (slug, name, website) VALUES ('running-land', 'Running Land', 'https://www.runningland.com.br/');
INSERT INTO public.types (slug, type) VALUES ('road', 'Rua');
INSERT INTO public.types (slug, type) VALUES ('trail', 'Trilha');
INSERT INTO public.types (slug, type) VALUES ('adventure', 'Aventura');
INSERT INTO public.distances (slug, km, description) VALUES ('kids-run', 0, 'Categorias infantis (3 a 13 anos); distâncias não informadas em km no site de origem');
INSERT INTO public.distances (slug, km, description) VALUES ('5km', 50, NULL);
INSERT INTO public.distances (slug, km, description) VALUES ('6km', 60, NULL);
INSERT INTO public.distances (slug, km, description) VALUES ('7km', 70, NULL);
INSERT INTO public.distances (slug, km, description) VALUES ('10km', 100, NULL);
INSERT INTO public.distances (slug, km, description) VALUES ('12km', 120, NULL);
INSERT INTO public.distances (slug, km, description) VALUES ('14km', 140, NULL);
INSERT INTO public.distances (slug, km, description) VALUES ('15km', 150, NULL);
INSERT INTO public.distances (slug, km, description) VALUES ('18km', 180, NULL);
INSERT INTO public.distances (slug, km, description) VALUES ('21-1km', 211, NULL);
INSERT INTO public.distances (slug, km, description) VALUES ('25km', 250, NULL);
INSERT INTO public.distances (slug, km, description) VALUES ('28km', 280, NULL);
INSERT INTO public.distances (slug, km, description) VALUES ('30km', 300, NULL);
INSERT INTO public.distances (slug, km, description) VALUES ('42-2km', 422, NULL);
INSERT INTO public.races (sort_key, city, state, country, name, type_slug, provider_slug, detail_url) VALUES ('2026-01-25T12:00', 'São Paulo', 'SP', 'Brasil', '19ª Meia Maratona Intl de São Paulo', 'road', 'yescom', 'https://www.yescom.com.br/meiasp/2026/index.asp');
INSERT INTO public.races (sort_key, city, state, country, name, type_slug, provider_slug, detail_url) VALUES ('2026-03-08T12:00', 'São Paulo', 'SP', 'Brasil', '30ª Corrida Mulher-Maravilha São Paulo', 'road', 'yescom', 'https://yescom.com.br/corridamulhermaravilha/2026/sp/index.asp');
INSERT INTO public.races (sort_key, city, state, country, name, type_slug, provider_slug, detail_url) VALUES ('2026-03-29T12:00', 'Rio de Janeiro', 'RJ', 'Brasil', '32ª Corrida Mulher-Maravilha Rio de Janeiro', 'road', 'yescom', 'https://yescom.com.br/corridamulhermaravilha/2026/rj/index.asp');
INSERT INTO public.races (sort_key, city, state, country, name, type_slug, provider_slug, detail_url) VALUES ('2026-04-09T12:00', 'São Paulo', 'SP', 'Brasil', 'Expo Atleta 30ª Maratona Intl de São Paulo', 'road', 'yescom', 'https://www.yescom.com.br/maratonasp/2026/index.asp');
INSERT INTO public.races (sort_key, city, state, country, name, type_slug, provider_slug, detail_url) VALUES ('2026-04-11T12:00', 'São Paulo', 'SP', 'Brasil', 'Maratoninha de São Paulo', 'road', 'yescom', 'https://www.yescom.com.br/maratoninha/2026/index.asp');
INSERT INTO public.races (sort_key, city, state, country, name, type_slug, provider_slug, detail_url) VALUES ('2026-04-12T12:00', 'Camboriú', 'SC', 'Brasil', 'GV LIFE RUN GREEN VALLEY', 'road', 'corre-brasil', 'https://www.guicheweb.com.br/gv-life-run-inscricao_47656');
INSERT INTO public.race_distances (race_id, distance_slug) SELECT id, '5km' FROM public.races WHERE detail_url = 'https://www.guicheweb.com.br/gv-life-run-inscricao_47656';
INSERT INTO public.race_distances (race_id, distance_slug) SELECT id, '10km' FROM public.races WHERE detail_url = 'https://www.guicheweb.com.br/gv-life-run-inscricao_47656';
INSERT INTO public.races (sort_key, city, state, country, name, type_slug, provider_slug, detail_url) VALUES ('2026-04-19T03:00', 'Natal', 'RN', 'Brasil', 'Circuito das Estações 2026 - Outono - Natal', 'road', 'running-land', 'https://www.runningland.com.br/eventos/circuito-das-estacoes-2026-outono-natal');
INSERT INTO public.race_distances (race_id, distance_slug) SELECT id, '5km' FROM public.races WHERE detail_url = 'https://www.runningland.com.br/eventos/circuito-das-estacoes-2026-outono-natal';
INSERT INTO public.race_distances (race_id, distance_slug) SELECT id, '10km' FROM public.races WHERE detail_url = 'https://www.runningland.com.br/eventos/circuito-das-estacoes-2026-outono-natal';
INSERT INTO public.races (sort_key, city, state, country, name, type_slug, provider_slug, detail_url) VALUES ('2026-04-25T12:00', 'Balneário Camboriú', 'SC', 'Brasil', 'MEIA MARATONA INTERNACIONAL DE BALNEÁRIO CAMBORIÚ', 'road', 'corre-brasil', 'https://www.correbrasil.com.br/meiadebc2026');
INSERT INTO public.race_distances (race_id, distance_slug) SELECT id, '5km' FROM public.races WHERE detail_url = 'https://www.correbrasil.com.br/meiadebc2026';
INSERT INTO public.races (sort_key, city, state, country, name, type_slug, provider_slug, detail_url) VALUES ('2026-04-26T03:00', 'Manaus', 'AM', 'Brasil', 'Circuito das Estações - Outono 2026 - Manaus', 'road', 'running-land', 'https://www.runningland.com.br/eventos/circuito-das-estacoes-outono-2026-manaus');
INSERT INTO public.race_distances (race_id, distance_slug) SELECT id, '5km' FROM public.races WHERE detail_url = 'https://www.runningland.com.br/eventos/circuito-das-estacoes-outono-2026-manaus';
INSERT INTO public.race_distances (race_id, distance_slug) SELECT id, '10km' FROM public.races WHERE detail_url = 'https://www.runningland.com.br/eventos/circuito-das-estacoes-outono-2026-manaus';
INSERT INTO public.races (sort_key, city, state, country, name, type_slug, provider_slug, detail_url) VALUES ('2026-04-26T06:00', 'São Paulo', 'SP', 'Brasil', 'Seven Run 2026', 'road', 'iguana-sports', 'https://iguanasports.com.br/blogs/calendario-corridas-de-rua/seven-run-2026');
INSERT INTO public.race_distances (race_id, distance_slug) SELECT id, '7km' FROM public.races WHERE detail_url = 'https://iguanasports.com.br/blogs/calendario-corridas-de-rua/seven-run-2026';
INSERT INTO public.race_distances (race_id, distance_slug) SELECT id, '14km' FROM public.races WHERE detail_url = 'https://iguanasports.com.br/blogs/calendario-corridas-de-rua/seven-run-2026';
INSERT INTO public.race_distances (race_id, distance_slug) SELECT id, '21-1km' FROM public.races WHERE detail_url = 'https://iguanasports.com.br/blogs/calendario-corridas-de-rua/seven-run-2026';
INSERT INTO public.race_distances (race_id, distance_slug) SELECT id, '28km' FROM public.races WHERE detail_url = 'https://iguanasports.com.br/blogs/calendario-corridas-de-rua/seven-run-2026';
INSERT INTO public.races (sort_key, city, state, country, name, type_slug, provider_slug, detail_url) VALUES ('2026-04-26T13:00', 'Curitiba', 'PR', 'Brasil', 'Circuito das Estações 2026 - Outono - Curitiba', 'road', 'running-land', 'https://www.runningland.com.br/eventos/circuito-das-estacoes-2026-outono-curitiba');
INSERT INTO public.race_distances (race_id, distance_slug) SELECT id, '5km' FROM public.races WHERE detail_url = 'https://www.runningland.com.br/eventos/circuito-das-estacoes-2026-outono-curitiba';
INSERT INTO public.race_distances (race_id, distance_slug) SELECT id, '10km' FROM public.races WHERE detail_url = 'https://www.runningland.com.br/eventos/circuito-das-estacoes-2026-outono-curitiba';
INSERT INTO public.races (sort_key, city, state, country, name, type_slug, provider_slug, detail_url) VALUES ('2026-04-26T13:21', 'Brasilia', 'DF', 'Brasil', 'Circuito da Longevidade Bradesco Seguros - 2026 - Brasília', 'road', 'running-land', 'https://www.runningland.com.br/eventos/longevidade-bradesco-brasilia-2026');
INSERT INTO public.race_distances (race_id, distance_slug) SELECT id, '5km' FROM public.races WHERE detail_url = 'https://www.runningland.com.br/eventos/longevidade-bradesco-brasilia-2026';
INSERT INTO public.race_distances (race_id, distance_slug) SELECT id, '10km' FROM public.races WHERE detail_url = 'https://www.runningland.com.br/eventos/longevidade-bradesco-brasilia-2026';
INSERT INTO public.races (sort_key, city, state, country, name, type_slug, provider_slug, detail_url) VALUES ('2026-05-03T03:00', 'Campo Grande', 'MS', 'Brasil', 'Circuito das Estações 2026 - Outono - Campo Grande', 'road', 'running-land', 'https://www.runningland.com.br/eventos/circuito-das-estacoes-2026-outono-campo-grande');
INSERT INTO public.race_distances (race_id, distance_slug) SELECT id, '5km' FROM public.races WHERE detail_url = 'https://www.runningland.com.br/eventos/circuito-das-estacoes-2026-outono-campo-grande';
INSERT INTO public.race_distances (race_id, distance_slug) SELECT id, '10km' FROM public.races WHERE detail_url = 'https://www.runningland.com.br/eventos/circuito-das-estacoes-2026-outono-campo-grande';
INSERT INTO public.races (sort_key, city, state, country, name, type_slug, provider_slug, detail_url) VALUES ('2026-05-10T03:00', 'Brasilia', 'DF', 'Brasil', 'Blue Run - Brasília 2026', 'road', 'running-land', 'https://www.runningland.com.br/eventos/blue-run-brasilia-2026');
INSERT INTO public.race_distances (race_id, distance_slug) SELECT id, '5km' FROM public.races WHERE detail_url = 'https://www.runningland.com.br/eventos/blue-run-brasilia-2026';
INSERT INTO public.race_distances (race_id, distance_slug) SELECT id, '10km' FROM public.races WHERE detail_url = 'https://www.runningland.com.br/eventos/blue-run-brasilia-2026';
INSERT INTO public.races (sort_key, city, state, country, name, type_slug, provider_slug, detail_url) VALUES ('2026-05-10T03:00', 'São Paulo', 'SP', 'Brasil', 'Corrida Graacc - São Paulo 2026', 'road', 'running-land', 'https://www.runningland.com.br/eventos/corrida-graac-s-o-paulo-2026');
INSERT INTO public.race_distances (race_id, distance_slug) SELECT id, '5km' FROM public.races WHERE detail_url = 'https://www.runningland.com.br/eventos/corrida-graac-s-o-paulo-2026';
INSERT INTO public.race_distances (race_id, distance_slug) SELECT id, '10km' FROM public.races WHERE detail_url = 'https://www.runningland.com.br/eventos/corrida-graac-s-o-paulo-2026';
INSERT INTO public.races (sort_key, city, state, country, name, type_slug, provider_slug, detail_url) VALUES ('2026-05-10T19:02', 'São Paulo', 'SP', 'Brasil', '4ª Corrida Plié Pela Primeira Vez - São Paulo', 'road', 'running-land', 'https://www.runningland.com.br/eventos/4-corrida-plie-sao-paulo-2026');
INSERT INTO public.race_distances (race_id, distance_slug) SELECT id, '7km' FROM public.races WHERE detail_url = 'https://www.runningland.com.br/eventos/4-corrida-plie-sao-paulo-2026';
INSERT INTO public.races (sort_key, city, state, country, name, type_slug, provider_slug, detail_url) VALUES ('2026-05-16T12:00', 'Serra do Rio do Rastro', 'SC', 'Brasil', 'RIO DO RASTRO MARATHON 2026 A TRANSFORMAÇÃO', 'road', 'corre-brasil', 'https://riodorastromarathon.com.br/');
INSERT INTO public.race_distances (race_id, distance_slug) SELECT id, '12km' FROM public.races WHERE detail_url = 'https://riodorastromarathon.com.br/';
INSERT INTO public.race_distances (race_id, distance_slug) SELECT id, '25km' FROM public.races WHERE detail_url = 'https://riodorastromarathon.com.br/';
INSERT INTO public.races (sort_key, city, state, country, name, type_slug, provider_slug, detail_url) VALUES ('2026-05-17T03:00', 'São Paulo', 'SP', 'Brasil', 'Corrida APAS', 'road', 'running-land', 'https://www.runningland.com.br/eventos/corrida-apas');
INSERT INTO public.race_distances (race_id, distance_slug) SELECT id, '5km' FROM public.races WHERE detail_url = 'https://www.runningland.com.br/eventos/corrida-apas';
INSERT INTO public.race_distances (race_id, distance_slug) SELECT id, '10km' FROM public.races WHERE detail_url = 'https://www.runningland.com.br/eventos/corrida-apas';
INSERT INTO public.races (sort_key, city, state, country, name, type_slug, provider_slug, detail_url) VALUES ('2026-05-17T12:00', 'São Paulo', 'SP', 'Brasil', '6ª Corrida do Café', 'road', 'yescom', 'https://www.yescom.com.br/corridadocafe/2026/index.asp');
INSERT INTO public.races (sort_key, city, state, country, name, type_slug, provider_slug, detail_url) VALUES ('2026-05-24T03:00', 'São Paulo', 'SP', 'Brasil', 'Bravus Fire - São Paulo 2026', 'road', 'running-land', 'https://www.runningland.com.br/eventos/bravus-fire-s-o-paulo-2026');
INSERT INTO public.races (sort_key, city, state, country, name, type_slug, provider_slug, detail_url) VALUES ('2026-05-24T03:00', 'Brasilia', 'DF', 'Brasil', 'Desafio Energia Petrobras - Bike - Brasília 2026', 'road', 'running-land', 'https://www.runningland.com.br/eventos/desafio-energia-petrobras-bike-brasilia-2026');
INSERT INTO public.race_distances (race_id, distance_slug) SELECT id, '10km' FROM public.races WHERE detail_url = 'https://www.runningland.com.br/eventos/desafio-energia-petrobras-bike-brasilia-2026';
INSERT INTO public.races (sort_key, city, state, country, name, type_slug, provider_slug, detail_url) VALUES ('2026-05-24T12:00', 'Guarulhos', 'SP', 'Brasil', '4ª Meia Maratona Internacional de Guarulhos', 'road', 'yescom', 'https://www.yescom.com.br/meiamaratonadeguarulhos/2026/index.asp');
INSERT INTO public.races (sort_key, city, state, country, name, type_slug, provider_slug, detail_url) VALUES ('2026-05-29T12:00', 'Urubici', 'SC', 'Brasil', 'MONS ULTRA TRAIL URUBICI 2026', 'trail', 'corre-brasil', 'https://vemcorrer.com/evento/353-mons-ultra-trail-urubici-2026');
INSERT INTO public.race_distances (race_id, distance_slug) SELECT id, '12km' FROM public.races WHERE detail_url = 'https://vemcorrer.com/evento/353-mons-ultra-trail-urubici-2026';
INSERT INTO public.race_distances (race_id, distance_slug) SELECT id, '25km' FROM public.races WHERE detail_url = 'https://vemcorrer.com/evento/353-mons-ultra-trail-urubici-2026';
INSERT INTO public.races (sort_key, city, state, country, name, type_slug, provider_slug, detail_url) VALUES ('2026-05-31T03:00', 'São Paulo', 'SP', 'Brasil', 'Circuito Banco do Brasil 2026 - São Paulo', 'road', 'running-land', 'https://www.runningland.com.br/eventos/circuito-banco-do-brasil-s-o-paulo-2026');
INSERT INTO public.race_distances (race_id, distance_slug) SELECT id, '5km' FROM public.races WHERE detail_url = 'https://www.runningland.com.br/eventos/circuito-banco-do-brasil-s-o-paulo-2026';
INSERT INTO public.race_distances (race_id, distance_slug) SELECT id, '10km' FROM public.races WHERE detail_url = 'https://www.runningland.com.br/eventos/circuito-banco-do-brasil-s-o-paulo-2026';
INSERT INTO public.races (sort_key, city, state, country, name, type_slug, provider_slug, detail_url) VALUES ('2026-05-31T03:00', 'Aracaju', 'SE', 'Brasil', 'Circuito das Estações 2026 - Outono - Aracaju', 'road', 'running-land', 'https://www.runningland.com.br/eventos/circuito-das-estacoes-2026-outono-aracaju');
INSERT INTO public.race_distances (race_id, distance_slug) SELECT id, '5km' FROM public.races WHERE detail_url = 'https://www.runningland.com.br/eventos/circuito-das-estacoes-2026-outono-aracaju';
INSERT INTO public.race_distances (race_id, distance_slug) SELECT id, '10km' FROM public.races WHERE detail_url = 'https://www.runningland.com.br/eventos/circuito-das-estacoes-2026-outono-aracaju';
INSERT INTO public.races (sort_key, city, state, country, name, type_slug, provider_slug, detail_url) VALUES ('2026-05-31T07:00', 'São Paulo', 'SP', 'Brasil', 'SP10K Challenge 2026', 'road', 'iguana-sports', 'https://iguanasports.com.br/blogs/calendario-corridas-de-rua/10k-sp-challenge-2026');
INSERT INTO public.race_distances (race_id, distance_slug) SELECT id, '10km' FROM public.races WHERE detail_url = 'https://iguanasports.com.br/blogs/calendario-corridas-de-rua/10k-sp-challenge-2026';
INSERT INTO public.races (sort_key, city, state, country, name, type_slug, provider_slug, detail_url) VALUES ('2026-05-31T12:00', 'São Paulo', 'SP', 'Brasil', '1ª Corrida Tom & Jerry Fun Run', 'road', 'yescom', 'https://www.yescom.com.br/corridatomejerry/2026/index.asp');
INSERT INTO public.races (sort_key, city, state, country, name, type_slug, provider_slug, detail_url) VALUES ('2026-05-31T18:28', 'Rio de Janeiro', 'RJ', 'Brasil', 'Circuito da Longevidade Bradesco Seguros - Rio de Janeiro - 2026', 'road', 'running-land', 'https://www.runningland.com.br/eventos/longevidade-bradesco-rio-de-janeiro-2026');
INSERT INTO public.race_distances (race_id, distance_slug) SELECT id, '5km' FROM public.races WHERE detail_url = 'https://www.runningland.com.br/eventos/longevidade-bradesco-rio-de-janeiro-2026';
INSERT INTO public.race_distances (race_id, distance_slug) SELECT id, '10km' FROM public.races WHERE detail_url = 'https://www.runningland.com.br/eventos/longevidade-bradesco-rio-de-janeiro-2026';
INSERT INTO public.races (sort_key, city, state, country, name, type_slug, provider_slug, detail_url) VALUES ('2026-05-31T20:22', 'Rio de Janeiro', 'RJ', 'Brasil', 'Circuito das Estações 2026 - Inverno - Rio de Janeiro', 'road', 'running-land', 'https://www.runningland.com.br/eventos/circuito-das-estacoes-2026-inverno-rio-de-janeiro');
INSERT INTO public.race_distances (race_id, distance_slug) SELECT id, '5km' FROM public.races WHERE detail_url = 'https://www.runningland.com.br/eventos/circuito-das-estacoes-2026-inverno-rio-de-janeiro';
INSERT INTO public.race_distances (race_id, distance_slug) SELECT id, '10km' FROM public.races WHERE detail_url = 'https://www.runningland.com.br/eventos/circuito-das-estacoes-2026-inverno-rio-de-janeiro';
INSERT INTO public.race_distances (race_id, distance_slug) SELECT id, '15km' FROM public.races WHERE detail_url = 'https://www.runningland.com.br/eventos/circuito-das-estacoes-2026-inverno-rio-de-janeiro';
INSERT INTO public.races (sort_key, city, state, country, name, type_slug, provider_slug, detail_url) VALUES ('2026-06-07T03:00', 'Florianópolis', 'SC', 'Brasil', '15º Meia & Maratona de Florianópolis - 42k de Floripa', 'road', 'running-land', 'https://www.runningland.com.br/eventos/15-meia-maratona-de-florianopolis-42k-de-floripa');
INSERT INTO public.race_distances (race_id, distance_slug) SELECT id, '5km' FROM public.races WHERE detail_url = 'https://www.runningland.com.br/eventos/15-meia-maratona-de-florianopolis-42k-de-floripa';
INSERT INTO public.races (sort_key, city, state, country, name, type_slug, provider_slug, detail_url) VALUES ('2026-06-07T03:00', 'João Pessoa', 'PB', 'Brasil', 'Circuito das Estações 2026 - Inverno - João Pessoa', 'road', 'running-land', 'https://www.runningland.com.br/eventos/circuito-das-estacoes-2026-inverno-jo-o-pessoa');
INSERT INTO public.race_distances (race_id, distance_slug) SELECT id, '5km' FROM public.races WHERE detail_url = 'https://www.runningland.com.br/eventos/circuito-das-estacoes-2026-inverno-jo-o-pessoa';
INSERT INTO public.race_distances (race_id, distance_slug) SELECT id, '10km' FROM public.races WHERE detail_url = 'https://www.runningland.com.br/eventos/circuito-das-estacoes-2026-inverno-jo-o-pessoa';
INSERT INTO public.races (sort_key, city, state, country, name, type_slug, provider_slug, detail_url) VALUES ('2026-06-13T03:00', 'Cuiabá', 'MT', 'Brasil', 'Circuito das Estações 2026 - Inverno - Cuiabá', 'road', 'running-land', 'https://www.runningland.com.br/eventos/circuito-das-estacoes-2026-inverno-cuiaba');
INSERT INTO public.race_distances (race_id, distance_slug) SELECT id, '5km' FROM public.races WHERE detail_url = 'https://www.runningland.com.br/eventos/circuito-das-estacoes-2026-inverno-cuiaba';
INSERT INTO public.race_distances (race_id, distance_slug) SELECT id, '10km' FROM public.races WHERE detail_url = 'https://www.runningland.com.br/eventos/circuito-das-estacoes-2026-inverno-cuiaba';
INSERT INTO public.races (sort_key, city, state, country, name, type_slug, provider_slug, detail_url) VALUES ('2026-06-14T03:00', 'Piracicaba', 'SP', 'Brasil', 'Blue Run - Piracicaba 2026', 'road', 'running-land', 'https://www.runningland.com.br/eventos/blue-run-piracicaba-2026');
INSERT INTO public.race_distances (race_id, distance_slug) SELECT id, '5km' FROM public.races WHERE detail_url = 'https://www.runningland.com.br/eventos/blue-run-piracicaba-2026';
INSERT INTO public.race_distances (race_id, distance_slug) SELECT id, '10km' FROM public.races WHERE detail_url = 'https://www.runningland.com.br/eventos/blue-run-piracicaba-2026';
