BEGIN;
TRUNCATE TABLE public.race_distances, public.races, public.distances, public.types, public.providers RESTART IDENTITY CASCADE;
INSERT INTO public.providers (slug, name, website) VALUES ('iguana-sports', 'Iguana Sports', 'https://iguanasports.com.br/');
INSERT INTO public.providers (slug, name, website) VALUES ('yescom', 'Yescom', 'https://www.yescom.com.br/site/');
INSERT INTO public.providers (slug, name, website) VALUES ('corre-brasil', 'Corre Brasil', 'https://www.correbrasil.com.br/');
INSERT INTO public.providers (slug, name, website) VALUES ('running-land', 'Running Land', 'https://www.runningland.com.br/');
INSERT INTO public.types (slug, type) VALUES ('road', 'Rua');
INSERT INTO public.types (slug, type) VALUES ('trail', 'Trilha');
INSERT INTO public.types (slug, type) VALUES ('adventure', 'Aventura');
INSERT INTO public.distances (slug, km, description) VALUES ('kids-run', 0, 'Categorias infantis (3 a 13 anos); distâncias não informadas em km no site de origem');
INSERT INTO public.distances (slug, km, description) VALUES ('5km', 50, NULL);
INSERT INTO public.distances (slug, km, description) VALUES ('6km', 60, NULL);
INSERT INTO public.distances (slug, km, description) VALUES ('7km', 70, NULL);
INSERT INTO public.distances (slug, km, description) VALUES ('10km', 100, NULL);
INSERT INTO public.distances (slug, km, description) VALUES ('12km', 120, NULL);
INSERT INTO public.distances (slug, km, description) VALUES ('14km', 140, NULL);
INSERT INTO public.distances (slug, km, description) VALUES ('15km', 150, NULL);
INSERT INTO public.distances (slug, km, description) VALUES ('18km', 180, NULL);
INSERT INTO public.distances (slug, km, description) VALUES ('21-1km', 211, NULL);
INSERT INTO public.distances (slug, km, description) VALUES ('25km', 250, NULL);
INSERT INTO public.distances (slug, km, description) VALUES ('28km', 280, NULL);
INSERT INTO public.distances (slug, km, description) VALUES ('30km', 300, NULL);
INSERT INTO public.distances (slug, km, description) VALUES ('42-2km', 422, NULL);
INSERT INTO public.races (sort_key, city, state, country, name, type_slug, provider_slug, detail_url) VALUES ('2026-01-25T12:00', 'São Paulo', 'SP', 'Brasil', '19ª Meia Maratona Intl de São Paulo', 'road', 'yescom', 'https://www.yescom.com.br/meiasp/2026/index.asp');
INSERT INTO public.races (sort_key, city, state, country, name, type_slug, provider_slug, detail_url) VALUES ('2026-03-08T12:00', 'São Paulo', 'SP', 'Brasil', '30ª Corrida Mulher-Maravilha São Paulo', 'road', 'yescom', 'https://yescom.com.br/corridamulhermaravilha/2026/sp/index.asp');
INSERT INTO public.races (sort_key, city, state, country, name, type_slug, provider_slug, detail_url) VALUES ('2026-03-29T12:00', 'Rio de Janeiro', 'RJ', 'Brasil', '32ª Corrida Mulher-Maravilha Rio de Janeiro', 'road', 'yescom', 'https://yescom.com.br/corridamulhermaravilha/2026/rj/index.asp');
INSERT INTO public.races (sort_key, city, state, country, name, type_slug, provider_slug, detail_url) VALUES ('2026-04-09T12:00', 'São Paulo', 'SP', 'Brasil', 'Expo Atleta 30ª Maratona Intl de São Paulo', 'road', 'yescom', 'https://www.yescom.com.br/maratonasp/2026/index.asp');
INSERT INTO public.races (sort_key, city, state, country, name, type_slug, provider_slug, detail_url) VALUES ('2026-04-11T12:00', 'São Paulo', 'SP', 'Brasil', 'Maratoninha de São Paulo', 'road', 'yescom', 'https://www.yescom.com.br/maratoninha/2026/index.asp');
INSERT INTO public.races (sort_key, city, state, country, name, type_slug, provider_slug, detail_url) VALUES ('2026-04-12T12:00', 'Camboriú', 'SC', 'Brasil', 'GV LIFE RUN GREEN VALLEY', 'road', 'corre-brasil', 'https://www.guicheweb.com.br/gv-life-run-inscricao_47656');
INSERT INTO public.race_distances (race_id, distance_slug) SELECT id, '5km' FROM public.races WHERE detail_url = 'https://www.guicheweb.com.br/gv-life-run-inscricao_47656';
INSERT INTO public.race_distances (race_id, distance_slug) SELECT id, '10km' FROM public.races WHERE detail_url = 'https://www.guicheweb.com.br/gv-life-run-inscricao_47656';
INSERT INTO public.races (sort_key, city, state, country, name, type_slug, provider_slug, detail_url) VALUES ('2026-04-19T03:00', 'Natal', 'RN', 'Brasil', 'Circuito das Estações 2026 - Outono - Natal', 'road', 'running-land', 'https://www.runningland.com.br/eventos/circuito-das-estacoes-2026-outono-natal');
INSERT INTO public.race_distances (race_id, distance_slug) SELECT id, '5km' FROM public.races WHERE detail_url = 'https://www.runningland.com.br/eventos/circuito-das-estacoes-2026-outono-natal';
INSERT INTO public.race_distances (race_id, distance_slug) SELECT id, '10km' FROM public.races WHERE detail_url = 'https://www.runningland.com.br/eventos/circuito-das-estacoes-2026-outono-natal';
INSERT INTO public.races (sort_key, city, state, country, name, type_slug, provider_slug, detail_url) VALUES ('2026-04-25T12:00', 'Balneário Camboriú', 'SC', 'Brasil', 'MEIA MARATONA INTERNACIONAL DE BALNEÁRIO CAMBORIÚ', 'road', 'corre-brasil', 'https://www.correbrasil.com.br/meiadebc2026');
INSERT INTO public.race_distances (race_id, distance_slug) SELECT id, '5km' FROM public.races WHERE detail_url = 'https://www.correbrasil.com.br/meiadebc2026';
INSERT INTO public.races (sort_key, city, state, country, name, type_slug, provider_slug, detail_url) VALUES ('2026-04-26T03:00', 'Manaus', 'AM', 'Brasil', 'Circuito das Estações - Outono 2026 - Manaus', 'road', 'running-land', 'https://www.runningland.com.br/eventos/circuito-das-estacoes-outono-2026-manaus');
INSERT INTO public.race_distances (race_id, distance_slug) SELECT id, '5km' FROM public.races WHERE detail_url = 'https://www.runningland.com.br/eventos/circuito-das-estacoes-outono-2026-manaus';
INSERT INTO public.race_distances (race_id, distance_slug) SELECT id, '10km' FROM public.races WHERE detail_url = 'https://www.runningland.com.br/eventos/circuito-das-estacoes-outono-2026-manaus';
INSERT INTO public.races (sort_key, city, state, country, name, type_slug, provider_slug, detail_url) VALUES ('2026-04-26T06:00', 'São Paulo', 'SP', 'Brasil', 'Seven Run 2026', 'road', 'iguana-sports', 'https://iguanasports.com.br/blogs/calendario-corridas-de-rua/seven-run-2026');
INSERT INTO public.race_distances (race_id, distance_slug) SELECT id, '7km' FROM public.races WHERE detail_url = 'https://iguanasports.com.br/blogs/calendario-corridas-de-rua/seven-run-2026';
INSERT INTO public.race_distances (race_id, distance_slug) SELECT id, '14km' FROM public.races WHERE detail_url = 'https://iguanasports.com.br/blogs/calendario-corridas-de-rua/seven-run-2026';
INSERT INTO public.race_distances (race_id, distance_slug) SELECT id, '21-1km' FROM public.races WHERE detail_url = 'https://iguanasports.com.br/blogs/calendario-corridas-de-rua/seven-run-2026';
INSERT INTO public.race_distances (race_id, distance_slug) SELECT id, '28km' FROM public.races WHERE detail_url = 'https://iguanasports.com.br/blogs/calendario-corridas-de-rua/seven-run-2026';
INSERT INTO public.races (sort_key, city, state, country, name, type_slug, provider_slug, detail_url) VALUES ('2026-04-26T13:00', 'Curitiba', 'PR', 'Brasil', 'Circuito das Estações 2026 - Outono - Curitiba', 'road', 'running-land', 'https://www.runningland.com.br/eventos/circuito-das-estacoes-2026-outono-curitiba');
INSERT INTO public.race_distances (race_id, distance_slug) SELECT id, '5km' FROM public.races WHERE detail_url = 'https://www.runningland.com.br/eventos/circuito-das-estacoes-2026-outono-curitiba';
INSERT INTO public.race_distances (race_id, distance_slug) SELECT id, '10km' FROM public.races WHERE detail_url = 'https://www.runningland.com.br/eventos/circuito-das-estacoes-2026-outono-curitiba';
INSERT INTO public.races (sort_key, city, state, country, name, type_slug, provider_slug, detail_url) VALUES ('2026-04-26T13:21', 'Brasilia', 'DF', 'Brasil', 'Circuito da Longevidade Bradesco Seguros - 2026 - Brasília', 'road', 'running-land', 'https://www.runningland.com.br/eventos/longevidade-bradesco-brasilia-2026');
INSERT INTO public.race_distances (race_id, distance_slug) SELECT id, '5km' FROM public.races WHERE detail_url = 'https://www.runningland.com.br/eventos/longevidade-bradesco-brasilia-2026';
INSERT INTO public.race_distances (race_id, distance_slug) SELECT id, '10km' FROM public.races WHERE detail_url = 'https://www.runningland.com.br/eventos/longevidade-bradesco-brasilia-2026';
INSERT INTO public.races (sort_key, city, state, country, name, type_slug, provider_slug, detail_url) VALUES ('2026-05-03T03:00', 'Campo Grande', 'MS', 'Brasil', 'Circuito das Estações 2026 - Outono - Campo Grande', 'road', 'running-land', 'https://www.runningland.com.br/eventos/circuito-das-estacoes-2026-outono-campo-grande');
INSERT INTO public.race_distances (race_id, distance_slug) SELECT id, '5km' FROM public.races WHERE detail_url = 'https://www.runningland.com.br/eventos/circuito-das-estacoes-2026-outono-campo-grande';
INSERT INTO public.race_distances (race_id, distance_slug) SELECT id, '10km' FROM public.races WHERE detail_url = 'https://www.runningland.com.br/eventos/circuito-das-estacoes-2026-outono-campo-grande';
INSERT INTO public.races (sort_key, city, state, country, name, type_slug, provider_slug, detail_url) VALUES ('2026-05-10T03:00', 'Brasilia', 'DF', 'Brasil', 'Blue Run - Brasília 2026', 'road', 'running-land', 'https://www.runningland.com.br/eventos/blue-run-brasilia-2026');
INSERT INTO public.race_distances (race_id, distance_slug) SELECT id, '5km' FROM public.races WHERE detail_url = 'https://www.runningland.com.br/eventos/blue-run-brasilia-2026';
INSERT INTO public.race_distances (race_id, distance_slug) SELECT id, '10km' FROM public.races WHERE detail_url = 'https://www.runningland.com.br/eventos/blue-run-brasilia-2026';
INSERT INTO public.races (sort_key, city, state, country, name, type_slug, provider_slug, detail_url) VALUES ('2026-05-10T03:00', 'São Paulo', 'SP', 'Brasil', 'Corrida Graacc - São Paulo 2026', 'road', 'running-land', 'https://www.runningland.com.br/eventos/corrida-graac-s-o-paulo-2026');
INSERT INTO public.race_distances (race_id, distance_slug) SELECT id, '5km' FROM public.races WHERE detail_url = 'https://www.runningland.com.br/eventos/corrida-graac-s-o-paulo-2026';
INSERT INTO public.race_distances (race_id, distance_slug) SELECT id, '10km' FROM public.races WHERE detail_url = 'https://www.runningland.com.br/eventos/corrida-graac-s-o-paulo-2026';
INSERT INTO public.races (sort_key, city, state, country, name, type_slug, provider_slug, detail_url) VALUES ('2026-05-10T19:02', 'São Paulo', 'SP', 'Brasil', '4ª Corrida Plié Pela Primeira Vez - São Paulo', 'road', 'running-land', 'https://www.runningland.com.br/eventos/4-corrida-plie-sao-paulo-2026');
INSERT INTO public.race_distances (race_id, distance_slug) SELECT id, '7km' FROM public.races WHERE detail_url = 'https://www.runningland.com.br/eventos/4-corrida-plie-sao-paulo-2026';
INSERT INTO public.races (sort_key, city, state, country, name, type_slug, provider_slug, detail_url) VALUES ('2026-05-16T12:00', 'Serra do Rio do Rastro', 'SC', 'Brasil', 'RIO DO RASTRO MARATHON 2026 A TRANSFORMAÇÃO', 'road', 'corre-brasil', 'https://riodorastromarathon.com.br/');
INSERT INTO public.race_distances (race_id, distance_slug) SELECT id, '12km' FROM public.races WHERE detail_url = 'https://riodorastromarathon.com.br/';
INSERT INTO public.race_distances (race_id, distance_slug) SELECT id, '25km' FROM public.races WHERE detail_url = 'https://riodorastromarathon.com.br/';
INSERT INTO public.races (sort_key, city, state, country, name, type_slug, provider_slug, detail_url) VALUES ('2026-05-17T03:00', 'São Paulo', 'SP', 'Brasil', 'Corrida APAS', 'road', 'running-land', 'https://www.runningland.com.br/eventos/corrida-apas');
INSERT INTO public.race_distances (race_id, distance_slug) SELECT id, '5km' FROM public.races WHERE detail_url = 'https://www.runningland.com.br/eventos/corrida-apas';
INSERT INTO public.race_distances (race_id, distance_slug) SELECT id, '10km' FROM public.races WHERE detail_url = 'https://www.runningland.com.br/eventos/corrida-apas';
INSERT INTO public.races (sort_key, city, state, country, name, type_slug, provider_slug, detail_url) VALUES ('2026-05-17T12:00', 'São Paulo', 'SP', 'Brasil', '6ª Corrida do Café', 'road', 'yescom', 'https://www.yescom.com.br/corridadocafe/2026/index.asp');
INSERT INTO public.races (sort_key, city, state, country, name, type_slug, provider_slug, detail_url) VALUES ('2026-05-24T03:00', 'São Paulo', 'SP', 'Brasil', 'Bravus Fire - São Paulo 2026', 'road', 'running-land', 'https://www.runningland.com.br/eventos/bravus-fire-s-o-paulo-2026');
INSERT INTO public.races (sort_key, city, state, country, name, type_slug, provider_slug, detail_url) VALUES ('2026-05-24T03:00', 'Brasilia', 'DF', 'Brasil', 'Desafio Energia Petrobras - Bike - Brasília 2026', 'road', 'running-land', 'https://www.runningland.com.br/eventos/desafio-energia-petrobras-bike-brasilia-2026');
INSERT INTO public.race_distances (race_id, distance_slug) SELECT id, '10km' FROM public.races WHERE detail_url = 'https://www.runningland.com.br/eventos/desafio-energia-petrobras-bike-brasilia-2026';
INSERT INTO public.races (sort_key, city, state, country, name, type_slug, provider_slug, detail_url) VALUES ('2026-05-24T12:00', 'Guarulhos', 'SP', 'Brasil', '4ª Meia Maratona Internacional de Guarulhos', 'road', 'yescom', 'https://www.yescom.com.br/meiamaratonadeguarulhos/2026/index.asp');
INSERT INTO public.races (sort_key, city, state, country, name, type_slug, provider_slug, detail_url) VALUES ('2026-05-29T12:00', 'Urubici', 'SC', 'Brasil', 'MONS ULTRA TRAIL URUBICI 2026', 'trail', 'corre-brasil', 'https://vemcorrer.com/evento/353-mons-ultra-trail-urubici-2026');
INSERT INTO public.race_distances (race_id, distance_slug) SELECT id, '12km' FROM public.races WHERE detail_url = 'https://vemcorrer.com/evento/353-mons-ultra-trail-urubici-2026';
INSERT INTO public.race_distances (race_id, distance_slug) SELECT id, '25km' FROM public.races WHERE detail_url = 'https://vemcorrer.com/evento/353-mons-ultra-trail-urubici-2026';
INSERT INTO public.races (sort_key, city, state, country, name, type_slug, provider_slug, detail_url) VALUES ('2026-05-31T03:00', 'São Paulo', 'SP', 'Brasil', 'Circuito Banco do Brasil 2026 - São Paulo', 'road', 'running-land', 'https://www.runningland.com.br/eventos/circuito-banco-do-brasil-s-o-paulo-2026');
INSERT INTO public.race_distances (race_id, distance_slug) SELECT id, '5km' FROM public.races WHERE detail_url = 'https://www.runningland.com.br/eventos/circuito-banco-do-brasil-s-o-paulo-2026';
INSERT INTO public.race_distances (race_id, distance_slug) SELECT id, '10km' FROM public.races WHERE detail_url = 'https://www.runningland.com.br/eventos/circuito-banco-do-brasil-s-o-paulo-2026';
INSERT INTO public.races (sort_key, city, state, country, name, type_slug, provider_slug, detail_url) VALUES ('2026-05-31T03:00', 'Aracaju', 'SE', 'Brasil', 'Circuito das Estações 2026 - Outono - Aracaju', 'road', 'running-land', 'https://www.runningland.com.br/eventos/circuito-das-estacoes-2026-outono-aracaju');
INSERT INTO public.race_distances (race_id, distance_slug) SELECT id, '5km' FROM public.races WHERE detail_url = 'https://www.runningland.com.br/eventos/circuito-das-estacoes-2026-outono-aracaju';
INSERT INTO public.race_distances (race_id, distance_slug) SELECT id, '10km' FROM public.races WHERE detail_url = 'https://www.runningland.com.br/eventos/circuito-das-estacoes-2026-outono-aracaju';
INSERT INTO public.races (sort_key, city, state, country, name, type_slug, provider_slug, detail_url) VALUES ('2026-05-31T07:00', 'São Paulo', 'SP', 'Brasil', 'SP10K Challenge 2026', 'road', 'iguana-sports', 'https://iguanasports.com.br/blogs/calendario-corridas-de-rua/10k-sp-challenge-2026');
INSERT INTO public.race_distances (race_id, distance_slug) SELECT id, '10km' FROM public.races WHERE detail_url = 'https://iguanasports.com.br/blogs/calendario-corridas-de-rua/10k-sp-challenge-2026';
INSERT INTO public.races (sort_key, city, state, country, name, type_slug, provider_slug, detail_url) VALUES ('2026-05-31T12:00', 'São Paulo', 'SP', 'Brasil', '1ª Corrida Tom & Jerry Fun Run', 'road', 'yescom', 'https://www.yescom.com.br/corridatomejerry/2026/index.asp');
INSERT INTO public.races (sort_key, city, state, country, name, type_slug, provider_slug, detail_url) VALUES ('2026-05-31T18:28', 'Rio de Janeiro', 'RJ', 'Brasil', 'Circuito da Longevidade Bradesco Seguros - Rio de Janeiro - 2026', 'road', 'running-land', 'https://www.runningland.com.br/eventos/longevidade-bradesco-rio-de-janeiro-2026');
INSERT INTO public.race_distances (race_id, distance_slug) SELECT id, '5km' FROM public.races WHERE detail_url = 'https://www.runningland.com.br/eventos/longevidade-bradesco-rio-de-janeiro-2026';
INSERT INTO public.race_distances (race_id, distance_slug) SELECT id, '10km' FROM public.races WHERE detail_url = 'https://www.runningland.com.br/eventos/longevidade-bradesco-rio-de-janeiro-2026';
INSERT INTO public.races (sort_key, city, state, country, name, type_slug, provider_slug, detail_url) VALUES ('2026-05-31T20:22', 'Rio de Janeiro', 'RJ', 'Brasil', 'Circuito das Estações 2026 - Inverno - Rio de Janeiro', 'road', 'running-land', 'https://www.runningland.com.br/eventos/circuito-das-estacoes-2026-inverno-rio-de-janeiro');
INSERT INTO public.race_distances (race_id, distance_slug) SELECT id, '5km' FROM public.races WHERE detail_url = 'https://www.runningland.com.br/eventos/circuito-das-estacoes-2026-inverno-rio-de-janeiro';
INSERT INTO public.race_distances (race_id, distance_slug) SELECT id, '10km' FROM public.races WHERE detail_url = 'https://www.runningland.com.br/eventos/circuito-das-estacoes-2026-inverno-rio-de-janeiro';
INSERT INTO public.race_distances (race_id, distance_slug) SELECT id, '15km' FROM public.races WHERE detail_url = 'https://www.runningland.com.br/eventos/circuito-das-estacoes-2026-inverno-rio-de-janeiro';
INSERT INTO public.races (sort_key, city, state, country, name, type_slug, provider_slug, detail_url) VALUES ('2026-06-07T03:00', 'Florianópolis', 'SC', 'Brasil', '15º Meia & Maratona de Florianópolis - 42k de Floripa', 'road', 'running-land', 'https://www.runningland.com.br/eventos/15-meia-maratona-de-florianopolis-42k-de-floripa');
INSERT INTO public.race_distances (race_id, distance_slug) SELECT id, '5km' FROM public.races WHERE detail_url = 'https://www.runningland.com.br/eventos/15-meia-maratona-de-florianopolis-42k-de-floripa';
INSERT INTO public.races (sort_key, city, state, country, name, type_slug, provider_slug, detail_url) VALUES ('2026-06-07T03:00', 'João Pessoa', 'PB', 'Brasil', 'Circuito das Estações 2026 - Inverno - João Pessoa', 'road', 'running-land', 'https://www.runningland.com.br/eventos/circuito-das-estacoes-2026-inverno-jo-o-pessoa');
INSERT INTO public.race_distances (race_id, distance_slug) SELECT id, '5km' FROM public.races WHERE detail_url = 'https://www.runningland.com.br/eventos/circuito-das-estacoes-2026-inverno-jo-o-pessoa';
INSERT INTO public.race_distances (race_id, distance_slug) SELECT id, '10km' FROM public.races WHERE detail_url = 'https://www.runningland.com.br/eventos/circuito-das-estacoes-2026-inverno-jo-o-pessoa';
INSERT INTO public.races (sort_key, city, state, country, name, type_slug, provider_slug, detail_url) VALUES ('2026-06-13T03:00', 'Cuiabá', 'MT', 'Brasil', 'Circuito das Estações 2026 - Inverno - Cuiabá', 'road', 'running-land', 'https://www.runningland.com.br/eventos/circuito-das-estacoes-2026-inverno-cuiaba');
INSERT INTO public.race_distances (race_id, distance_slug) SELECT id, '5km' FROM public.races WHERE detail_url = 'https://www.runningland.com.br/eventos/circuito-das-estacoes-2026-inverno-cuiaba';
INSERT INTO public.race_distances (race_id, distance_slug) SELECT id, '10km' FROM public.races WHERE detail_url = 'https://www.runningland.com.br/eventos/circuito-das-estacoes-2026-inverno-cuiaba';
INSERT INTO public.races (sort_key, city, state, country, name, type_slug, provider_slug, detail_url) VALUES ('2026-06-14T03:00', 'Piracicaba', 'SP', 'Brasil', 'Blue Run - Piracicaba 2026', 'road', 'running-land', 'https://www.runningland.com.br/eventos/blue-run-piracicaba-2026');
INSERT INTO public.race_distances (race_id, distance_slug) SELECT id, '5km' FROM public.races WHERE detail_url = 'https://www.runningland.com.br/eventos/blue-run-piracicaba-2026';
INSERT INTO public.race_distances (race_id, distance_slug) SELECT id, '10km' FROM public.races WHERE detail_url = 'https://www.runningland.com.br/eventos/blue-run-piracicaba-2026';
INSERT INTO public.races (sort_key, city, state, country, name, type_slug, provider_slug, detail_url) VALUES ('2026-06-14T03:00', 'Goiania', 'GO', 'Brasil', 'Circuito das Estações 2026 - Inverno - Goiânia', 'road', 'running-land', 'https://www.runningland.com.br/eventos/circuito-das-estacoes-2026-inverno-goiania');
INSERT INTO public.race_distances (race_id, distance_slug) SELECT id, '5km' FROM public.races WHERE detail_url = 'https://www.runningland.com.br/eventos/circuito-das-estacoes-2026-inverno-goiania';
INSERT INTO public.race_distances (race_id, distance_slug) SELECT id, '10km' FROM public.races WHERE detail_url = 'https://www.runningland.com.br/eventos/circuito-das-estacoes-2026-inverno-goiania';
INSERT INTO public.races (sort_key, city, state, country, name, type_slug, provider_slug, detail_url) VALUES ('2026-06-14T03:00', 'São Luís', 'MA', 'Brasil', 'Circuito das Estações 2026 - Inverno - São Luís', 'road', 'running-land', 'https://www.runningland.com.br/eventos/circuito-das-estacoes-2026-inverno-s-o-luis');
INSERT INTO public.race_distances (race_id, distance_slug) SELECT id, '5km' FROM public.races WHERE detail_url = 'https://www.runningland.com.br/eventos/circuito-das-estacoes-2026-inverno-s-o-luis';
INSERT INTO public.race_distances (race_id, distance_slug) SELECT id, '10km' FROM public.races WHERE detail_url = 'https://www.runningland.com.br/eventos/circuito-das-estacoes-2026-inverno-s-o-luis';
INSERT INTO public.races (sort_key, city, state, country, name, type_slug, provider_slug, detail_url) VALUES ('2026-06-14T12:00', 'São Paulo', 'SP', 'Brasil', '2ª São Paulo Classic Run', 'road', 'yescom', 'https://www.yescom.com.br/classicrun/2026/index.asp');
INSERT INTO public.races (sort_key, city, state, country, name, type_slug, provider_slug, detail_url) VALUES ('2026-06-21T03:00', 'Palmas', 'TO', 'Brasil', 'Circuito das Estações 2026 - Inverno - Palmas', 'road', 'running-land', 'https://www.runningland.com.br/eventos/circuito-das-estacoes-2026-inverno-palmas');
INSERT INTO public.race_distances (race_id, distance_slug) SELECT id, '5km' FROM public.races WHERE detail_url = 'https://www.runningland.com.br/eventos/circuito-das-estacoes-2026-inverno-palmas';
INSERT INTO public.race_distances (race_id, distance_slug) SELECT id, '10km' FROM public.races WHERE detail_url = 'https://www.runningland.com.br/eventos/circuito-das-estacoes-2026-inverno-palmas';
INSERT INTO public.races (sort_key, city, state, country, name, type_slug, provider_slug, detail_url) VALUES ('2026-06-21T03:00', 'São Paulo', 'SP', 'Brasil', 'Desafio Energia Petrobras - Bike - São Paulo 2026', 'road', 'running-land', 'https://www.runningland.com.br/eventos/desafio-energia-petrobras-bike-sao-paulo-2026');
INSERT INTO public.race_distances (race_id, distance_slug) SELECT id, '10km' FROM public.races WHERE detail_url = 'https://www.runningland.com.br/eventos/desafio-energia-petrobras-bike-sao-paulo-2026';
INSERT INTO public.races (sort_key, city, state, country, name, type_slug, provider_slug, detail_url) VALUES ('2026-06-21T05:45', 'São Paulo', 'SP', 'Brasil', 'Mizuno Athenas Run Stronger 2026', 'road', 'iguana-sports', 'https://iguanasports.com.br/blogs/calendario-corridas-de-rua/athenas-run-stronger-2026');
INSERT INTO public.race_distances (race_id, distance_slug) SELECT id, '6km' FROM public.races WHERE detail_url = 'https://iguanasports.com.br/blogs/calendario-corridas-de-rua/athenas-run-stronger-2026';
INSERT INTO public.race_distances (race_id, distance_slug) SELECT id, '12km' FROM public.races WHERE detail_url = 'https://iguanasports.com.br/blogs/calendario-corridas-de-rua/athenas-run-stronger-2026';
INSERT INTO public.race_distances (race_id, distance_slug) SELECT id, '18km' FROM public.races WHERE detail_url = 'https://iguanasports.com.br/blogs/calendario-corridas-de-rua/athenas-run-stronger-2026';
INSERT INTO public.race_distances (race_id, distance_slug) SELECT id, '25km' FROM public.races WHERE detail_url = 'https://iguanasports.com.br/blogs/calendario-corridas-de-rua/athenas-run-stronger-2026';
INSERT INTO public.races (sort_key, city, state, country, name, type_slug, provider_slug, detail_url) VALUES ('2026-06-21T08:30', 'São Paulo', 'SP', 'Brasil', 'Athenas Kids Run Stronger 2026', 'road', 'iguana-sports', 'https://iguanasports.com.br/blogs/calendario-corridas-de-rua/athenas-kids-run-stronger-2026');
INSERT INTO public.race_distances (race_id, distance_slug) SELECT id, 'kids-run' FROM public.races WHERE detail_url = 'https://iguanasports.com.br/blogs/calendario-corridas-de-rua/athenas-kids-run-stronger-2026';
INSERT INTO public.races (sort_key, city, state, country, name, type_slug, provider_slug, detail_url) VALUES ('2026-06-21T12:00', 'Rio de Janeiro', 'RJ', 'Brasil', '2ª Hello Kitty and Friends Fun Run', 'road', 'yescom', 'https://www.yescom.com.br/hellokittyfunrun/2026/rj/index.asp');
INSERT INTO public.races (sort_key, city, state, country, name, type_slug, provider_slug, detail_url) VALUES ('2026-06-21T18:14', 'São José dos Campos', 'SP', 'Brasil', 'Circuito das Estações 2026 - Inverno - São José dos Campos', 'road', 'running-land', 'https://www.runningland.com.br/eventos/circuito-das-estacoes-2026-inverno-s-o-jose-dos-campos');
INSERT INTO public.race_distances (race_id, distance_slug) SELECT id, '5km' FROM public.races WHERE detail_url = 'https://www.runningland.com.br/eventos/circuito-das-estacoes-2026-inverno-s-o-jose-dos-campos';
INSERT INTO public.race_distances (race_id, distance_slug) SELECT id, '10km' FROM public.races WHERE detail_url = 'https://www.runningland.com.br/eventos/circuito-das-estacoes-2026-inverno-s-o-jose-dos-campos';
INSERT INTO public.races (sort_key, city, state, country, name, type_slug, provider_slug, detail_url) VALUES ('2026-06-21T20:49', 'Fortaleza', 'CE', 'Brasil', 'Circuito das Estações 2026 - Inverno - Fortaleza', 'road', 'running-land', 'https://www.runningland.com.br/eventos/circuito-das-estacoes-2026-inverno-fortaleza');
INSERT INTO public.race_distances (race_id, distance_slug) SELECT id, '5km' FROM public.races WHERE detail_url = 'https://www.runningland.com.br/eventos/circuito-das-estacoes-2026-inverno-fortaleza';
INSERT INTO public.race_distances (race_id, distance_slug) SELECT id, '10km' FROM public.races WHERE detail_url = 'https://www.runningland.com.br/eventos/circuito-das-estacoes-2026-inverno-fortaleza';
INSERT INTO public.race_distances (race_id, distance_slug) SELECT id, '15km' FROM public.races WHERE detail_url = 'https://www.runningland.com.br/eventos/circuito-das-estacoes-2026-inverno-fortaleza';
INSERT INTO public.races (sort_key, city, state, country, name, type_slug, provider_slug, detail_url) VALUES ('2026-06-21T20:50', 'Porto Alegre', 'RS', 'Brasil', 'Circuito das Estações 2026 - Inverno - Porto Alegre', 'road', 'running-land', 'https://www.runningland.com.br/eventos/circuito-das-estacoes-2026-inverno-porto-alegre');
INSERT INTO public.race_distances (race_id, distance_slug) SELECT id, '5km' FROM public.races WHERE detail_url = 'https://www.runningland.com.br/eventos/circuito-das-estacoes-2026-inverno-porto-alegre';
INSERT INTO public.race_distances (race_id, distance_slug) SELECT id, '10km' FROM public.races WHERE detail_url = 'https://www.runningland.com.br/eventos/circuito-das-estacoes-2026-inverno-porto-alegre';
INSERT INTO public.race_distances (race_id, distance_slug) SELECT id, '15km' FROM public.races WHERE detail_url = 'https://www.runningland.com.br/eventos/circuito-das-estacoes-2026-inverno-porto-alegre';
INSERT INTO public.races (sort_key, city, state, country, name, type_slug, provider_slug, detail_url) VALUES ('2026-06-28T03:00', 'Brasilia', 'DF', 'Brasil', 'Circuito das Estações 2026 - Inverno - Brasília', 'road', 'running-land', 'https://www.runningland.com.br/eventos/circuito-das-estacoes-2026-inverno-brasilia');
INSERT INTO public.race_distances (race_id, distance_slug) SELECT id, '5km' FROM public.races WHERE detail_url = 'https://www.runningland.com.br/eventos/circuito-das-estacoes-2026-inverno-brasilia';
INSERT INTO public.race_distances (race_id, distance_slug) SELECT id, '10km' FROM public.races WHERE detail_url = 'https://www.runningland.com.br/eventos/circuito-das-estacoes-2026-inverno-brasilia';
INSERT INTO public.race_distances (race_id, distance_slug) SELECT id, '15km' FROM public.races WHERE detail_url = 'https://www.runningland.com.br/eventos/circuito-das-estacoes-2026-inverno-brasilia';
INSERT INTO public.races (sort_key, city, state, country, name, type_slug, provider_slug, detail_url) VALUES ('2026-06-28T03:00', 'Ribeirão Preto', 'SP', 'Brasil', 'Circuito das Estações 2026 - Inverno - Ribeirão Preto', 'road', 'running-land', 'https://www.runningland.com.br/eventos/circuito-das-estacoes-2026-inverno-ribeir-o-preto');
INSERT INTO public.race_distances (race_id, distance_slug) SELECT id, '5km' FROM public.races WHERE detail_url = 'https://www.runningland.com.br/eventos/circuito-das-estacoes-2026-inverno-ribeir-o-preto';
INSERT INTO public.race_distances (race_id, distance_slug) SELECT id, '10km' FROM public.races WHERE detail_url = 'https://www.runningland.com.br/eventos/circuito-das-estacoes-2026-inverno-ribeir-o-preto';
INSERT INTO public.races (sort_key, city, state, country, name, type_slug, provider_slug, detail_url) VALUES ('2026-06-28T03:00', 'Teresina', 'PI', 'Brasil', 'Circuito das Estações 2026 - Inverno - Teresina', 'road', 'running-land', 'https://www.runningland.com.br/eventos/circuito-das-estacoes-2026-inverno-teresina');
INSERT INTO public.race_distances (race_id, distance_slug) SELECT id, '5km' FROM public.races WHERE detail_url = 'https://www.runningland.com.br/eventos/circuito-das-estacoes-2026-inverno-teresina';
INSERT INTO public.race_distances (race_id, distance_slug) SELECT id, '10km' FROM public.races WHERE detail_url = 'https://www.runningland.com.br/eventos/circuito-das-estacoes-2026-inverno-teresina';
INSERT INTO public.races (sort_key, city, state, country, name, type_slug, provider_slug, detail_url) VALUES ('2026-06-28T03:00', 'Vitória', 'ES', 'Brasil', 'Circuito das Estações 2026 - Inverno - Vitória', 'road', 'running-land', 'https://www.runningland.com.br/eventos/circuito-das-estacoes-2026-inverno-vitoria');
INSERT INTO public.races (sort_key, city, state, country, name, type_slug, provider_slug, detail_url) VALUES ('2026-06-28T12:00', 'Camboriú', 'SC', 'Brasil', '20 Milhas do Jacaré', 'road', 'corre-brasil', 'https://www.correbrasil.com.br/20milhasdojacare');
INSERT INTO public.races (sort_key, city, state, country, name, type_slug, provider_slug, detail_url) VALUES ('2026-06-28T17:05', 'Salvador', 'BA', 'Brasil', 'Circuito Banco do Brasil 2026 -Salvador', 'road', 'running-land', 'https://www.runningland.com.br/eventos/circuito-banco-do-brasil-2026-salvador');
INSERT INTO public.race_distances (race_id, distance_slug) SELECT id, '5km' FROM public.races WHERE detail_url = 'https://www.runningland.com.br/eventos/circuito-banco-do-brasil-2026-salvador';
INSERT INTO public.race_distances (race_id, distance_slug) SELECT id, '10km' FROM public.races WHERE detail_url = 'https://www.runningland.com.br/eventos/circuito-banco-do-brasil-2026-salvador';
INSERT INTO public.races (sort_key, city, state, country, name, type_slug, provider_slug, detail_url) VALUES ('2026-06-28T17:14', 'São Paulo', 'SP', 'Brasil', 'Circuito das Estações 2026 - Inverno - São Paulo', 'road', 'running-land', 'https://www.runningland.com.br/eventos/circuito-das-estacoes-2026-inverno-s-o-paulo');
INSERT INTO public.race_distances (race_id, distance_slug) SELECT id, '5km' FROM public.races WHERE detail_url = 'https://www.runningland.com.br/eventos/circuito-das-estacoes-2026-inverno-s-o-paulo';
INSERT INTO public.race_distances (race_id, distance_slug) SELECT id, '10km' FROM public.races WHERE detail_url = 'https://www.runningland.com.br/eventos/circuito-das-estacoes-2026-inverno-s-o-paulo';
INSERT INTO public.race_distances (race_id, distance_slug) SELECT id, '15km' FROM public.races WHERE detail_url = 'https://www.runningland.com.br/eventos/circuito-das-estacoes-2026-inverno-s-o-paulo';
INSERT INTO public.races (sort_key, city, state, country, name, type_slug, provider_slug, detail_url) VALUES ('2026-07-05T03:00', 'Anápolis', 'GO', 'Brasil', 'Circuito das Estações 2026 - Inverno - Anápolis', 'road', 'running-land', 'https://www.runningland.com.br/eventos/circuito-das-estacoes-2026-inverno-anapolis');
INSERT INTO public.race_distances (race_id, distance_slug) SELECT id, '5km' FROM public.races WHERE detail_url = 'https://www.runningland.com.br/eventos/circuito-das-estacoes-2026-inverno-anapolis';
INSERT INTO public.race_distances (race_id, distance_slug) SELECT id, '10km' FROM public.races WHERE detail_url = 'https://www.runningland.com.br/eventos/circuito-das-estacoes-2026-inverno-anapolis';
INSERT INTO public.races (sort_key, city, state, country, name, type_slug, provider_slug, detail_url) VALUES ('2026-07-05T11:26', 'Belém', 'PA', 'Brasil', 'Circuito das Estações 2026 - Inverno - Belém', 'road', 'running-land', 'https://www.runningland.com.br/eventos/circuito-das-estacoes-2026-inverno-belem');
INSERT INTO public.race_distances (race_id, distance_slug) SELECT id, '5km' FROM public.races WHERE detail_url = 'https://www.runningland.com.br/eventos/circuito-das-estacoes-2026-inverno-belem';
INSERT INTO public.race_distances (race_id, distance_slug) SELECT id, '10km' FROM public.races WHERE detail_url = 'https://www.runningland.com.br/eventos/circuito-das-estacoes-2026-inverno-belem';
INSERT INTO public.races (sort_key, city, state, country, name, type_slug, provider_slug, detail_url) VALUES ('2026-07-05T14:12', 'Florianópolis', 'SC', 'Brasil', 'Circuito das Estações 2026 - Inverno - Florianópolis', 'road', 'running-land', 'https://www.runningland.com.br/eventos/circuito-das-estacoes-2026-inverno-florianopolis');
INSERT INTO public.race_distances (race_id, distance_slug) SELECT id, '5km' FROM public.races WHERE detail_url = 'https://www.runningland.com.br/eventos/circuito-das-estacoes-2026-inverno-florianopolis';
INSERT INTO public.race_distances (race_id, distance_slug) SELECT id, '10km' FROM public.races WHERE detail_url = 'https://www.runningland.com.br/eventos/circuito-das-estacoes-2026-inverno-florianopolis';
INSERT INTO public.races (sort_key, city, state, country, name, type_slug, provider_slug, detail_url) VALUES ('2026-07-05T18:26', 'Campinas', 'SP', 'Brasil', 'Circuito das Estações 2026 - Inverno - Campinas', 'road', 'running-land', 'https://www.runningland.com.br/eventos/circuito-das-estacoes-2026-inverno-campinas');
INSERT INTO public.race_distances (race_id, distance_slug) SELECT id, '5km' FROM public.races WHERE detail_url = 'https://www.runningland.com.br/eventos/circuito-das-estacoes-2026-inverno-campinas';
INSERT INTO public.race_distances (race_id, distance_slug) SELECT id, '10km' FROM public.races WHERE detail_url = 'https://www.runningland.com.br/eventos/circuito-das-estacoes-2026-inverno-campinas';
INSERT INTO public.races (sort_key, city, state, country, name, type_slug, provider_slug, detail_url) VALUES ('2026-07-05T20:16', 'Recife', 'PE', 'Brasil', 'Circuito das Estações 2026 - Inverno - Recife', 'road', 'running-land', 'https://www.runningland.com.br/eventos/circuito-das-estacoes-2026-inverno-recife');
INSERT INTO public.race_distances (race_id, distance_slug) SELECT id, '5km' FROM public.races WHERE detail_url = 'https://www.runningland.com.br/eventos/circuito-das-estacoes-2026-inverno-recife';
INSERT INTO public.race_distances (race_id, distance_slug) SELECT id, '10km' FROM public.races WHERE detail_url = 'https://www.runningland.com.br/eventos/circuito-das-estacoes-2026-inverno-recife';
INSERT INTO public.race_distances (race_id, distance_slug) SELECT id, '15km' FROM public.races WHERE detail_url = 'https://www.runningland.com.br/eventos/circuito-das-estacoes-2026-inverno-recife';
INSERT INTO public.races (sort_key, city, state, country, name, type_slug, provider_slug, detail_url) VALUES ('2026-07-12T03:00', 'Rio de Janeiro', 'RJ', 'Brasil', 'Blue Run 2026 - Rio de Janeiro', 'road', 'running-land', 'https://www.runningland.com.br/eventos/blue-run-2026-rio-de-janeiro');
INSERT INTO public.race_distances (race_id, distance_slug) SELECT id, '5km' FROM public.races WHERE detail_url = 'https://www.runningland.com.br/eventos/blue-run-2026-rio-de-janeiro';
INSERT INTO public.race_distances (race_id, distance_slug) SELECT id, '10km' FROM public.races WHERE detail_url = 'https://www.runningland.com.br/eventos/blue-run-2026-rio-de-janeiro';
INSERT INTO public.races (sort_key, city, state, country, name, type_slug, provider_slug, detail_url) VALUES ('2026-07-12T03:00', 'Aracaju', 'SE', 'Brasil', 'Circuito das Estações 2026 - Inverno - Aracaju', 'road', 'running-land', 'https://www.runningland.com.br/eventos/circuito-das-estacoes-2026-inverno-aracaju');
INSERT INTO public.race_distances (race_id, distance_slug) SELECT id, '5km' FROM public.races WHERE detail_url = 'https://www.runningland.com.br/eventos/circuito-das-estacoes-2026-inverno-aracaju';
INSERT INTO public.race_distances (race_id, distance_slug) SELECT id, '10km' FROM public.races WHERE detail_url = 'https://www.runningland.com.br/eventos/circuito-das-estacoes-2026-inverno-aracaju';
INSERT INTO public.races (sort_key, city, state, country, name, type_slug, provider_slug, detail_url) VALUES ('2026-07-12T03:00', 'Belo Horizonte', 'MG', 'Brasil', 'Circuito das Estações 2026 - Inverno - Belo Horizonte', 'road', 'running-land', 'https://www.runningland.com.br/eventos/circuito-das-estacoes-2026-inverno-belo-horizonte');
INSERT INTO public.race_distances (race_id, distance_slug) SELECT id, '5km' FROM public.races WHERE detail_url = 'https://www.runningland.com.br/eventos/circuito-das-estacoes-2026-inverno-belo-horizonte';
INSERT INTO public.race_distances (race_id, distance_slug) SELECT id, '10km' FROM public.races WHERE detail_url = 'https://www.runningland.com.br/eventos/circuito-das-estacoes-2026-inverno-belo-horizonte';
INSERT INTO public.race_distances (race_id, distance_slug) SELECT id, '15km' FROM public.races WHERE detail_url = 'https://www.runningland.com.br/eventos/circuito-das-estacoes-2026-inverno-belo-horizonte';
INSERT INTO public.races (sort_key, city, state, country, name, type_slug, provider_slug, detail_url) VALUES ('2026-07-12T03:00', 'Campo Grande', 'MS', 'Brasil', 'Circuito das Estações 2026 - Inverno - Campo Grande', 'road', 'running-land', 'https://www.runningland.com.br/eventos/circuito-das-estacoes-2026-inverno-campo-grande');
INSERT INTO public.race_distances (race_id, distance_slug) SELECT id, '5km' FROM public.races WHERE detail_url = 'https://www.runningland.com.br/eventos/circuito-das-estacoes-2026-inverno-campo-grande';
INSERT INTO public.race_distances (race_id, distance_slug) SELECT id, '10km' FROM public.races WHERE detail_url = 'https://www.runningland.com.br/eventos/circuito-das-estacoes-2026-inverno-campo-grande';
INSERT INTO public.races (sort_key, city, state, country, name, type_slug, provider_slug, detail_url) VALUES ('2026-07-12T12:00', 'São Paulo', 'SP', 'Brasil', '1ª Miraculous Ladybug Family Sports', 'road', 'yescom', 'https://www.yescom.com.br/miraculousrun/index.asp');
INSERT INTO public.races (sort_key, city, state, country, name, type_slug, provider_slug, detail_url) VALUES ('2026-07-12T12:00', 'Porto Belo', 'SC', 'Brasil', 'Costa Esmeralda Trail', 'trail', 'corre-brasil', 'https://www.correbrasil.com.br/cópia-costa-esmeralda-trail-2025');
INSERT INTO public.race_distances (race_id, distance_slug) SELECT id, '12km' FROM public.races WHERE detail_url = 'https://www.correbrasil.com.br/cópia-costa-esmeralda-trail-2025';
INSERT INTO public.race_distances (race_id, distance_slug) SELECT id, '25km' FROM public.races WHERE detail_url = 'https://www.correbrasil.com.br/cópia-costa-esmeralda-trail-2025';
INSERT INTO public.races (sort_key, city, state, country, name, type_slug, provider_slug, detail_url) VALUES ('2026-07-12T19:58', 'Macaé', 'RJ', 'Brasil', 'Desafio Energia Petrobras - Macaé 2026', 'road', 'running-land', 'https://www.runningland.com.br/eventos/desafio-energia-petrobras-macae-2026');
INSERT INTO public.race_distances (race_id, distance_slug) SELECT id, '5km' FROM public.races WHERE detail_url = 'https://www.runningland.com.br/eventos/desafio-energia-petrobras-macae-2026';
INSERT INTO public.race_distances (race_id, distance_slug) SELECT id, '10km' FROM public.races WHERE detail_url = 'https://www.runningland.com.br/eventos/desafio-energia-petrobras-macae-2026';
INSERT INTO public.races (sort_key, city, state, country, name, type_slug, provider_slug, detail_url) VALUES ('2026-07-19T14:27', 'Rio de Janeiro', 'RJ', 'Brasil', 'Circuito Banco do Brasil 2026 - Rio de Janeiro', 'road', 'running-land', 'https://www.runningland.com.br/eventos/circuito-banco-do-brasil-2026-rj');
INSERT INTO public.race_distances (race_id, distance_slug) SELECT id, '5km' FROM public.races WHERE detail_url = 'https://www.runningland.com.br/eventos/circuito-banco-do-brasil-2026-rj';
INSERT INTO public.race_distances (race_id, distance_slug) SELECT id, '10km' FROM public.races WHERE detail_url = 'https://www.runningland.com.br/eventos/circuito-banco-do-brasil-2026-rj';
INSERT INTO public.races (sort_key, city, state, country, name, type_slug, provider_slug, detail_url) VALUES ('2026-07-19T17:34', 'Salvador', 'BA', 'Brasil', 'Circuito das Estações 2026 - Inverno - Salvador', 'road', 'running-land', 'https://www.runningland.com.br/eventos/circuito-das-estacoes-2026-inverno-salvador');
INSERT INTO public.race_distances (race_id, distance_slug) SELECT id, '5km' FROM public.races WHERE detail_url = 'https://www.runningland.com.br/eventos/circuito-das-estacoes-2026-inverno-salvador';
INSERT INTO public.race_distances (race_id, distance_slug) SELECT id, '10km' FROM public.races WHERE detail_url = 'https://www.runningland.com.br/eventos/circuito-das-estacoes-2026-inverno-salvador';
INSERT INTO public.race_distances (race_id, distance_slug) SELECT id, '15km' FROM public.races WHERE detail_url = 'https://www.runningland.com.br/eventos/circuito-das-estacoes-2026-inverno-salvador';
INSERT INTO public.races (sort_key, city, state, country, name, type_slug, provider_slug, detail_url) VALUES ('2026-07-26T03:00', 'Rio de Janeiro', 'RJ', 'Brasil', 'Bravus Speed I - Rio de Janeiro 2026', 'road', 'running-land', 'https://www.runningland.com.br/eventos/bravus-speed-i-rio-de-janeiro-2026');
INSERT INTO public.races (sort_key, city, state, country, name, type_slug, provider_slug, detail_url) VALUES ('2026-07-26T05:15', 'São Paulo', 'SP', 'Brasil', 'Nike SP City Marathon 2026', 'road', 'iguana-sports', 'https://iguanasports.com.br/blogs/calendario-corridas-de-rua/sp-city-marathon-2026');
INSERT INTO public.race_distances (race_id, distance_slug) SELECT id, '21-1km' FROM public.races WHERE detail_url = 'https://iguanasports.com.br/blogs/calendario-corridas-de-rua/sp-city-marathon-2026';
INSERT INTO public.race_distances (race_id, distance_slug) SELECT id, '42-2km' FROM public.races WHERE detail_url = 'https://iguanasports.com.br/blogs/calendario-corridas-de-rua/sp-city-marathon-2026';
INSERT INTO public.races (sort_key, city, state, country, name, type_slug, provider_slug, detail_url) VALUES ('2026-07-31T12:00', 'Penha', 'SC', 'Brasil', 'Desafio Beto Carrero', 'road', 'corre-brasil', 'https://www.correbrasil.com.br/desafio-bcw-2026');
INSERT INTO public.race_distances (race_id, distance_slug) SELECT id, '5km' FROM public.races WHERE detail_url = 'https://www.correbrasil.com.br/desafio-bcw-2026';
INSERT INTO public.race_distances (race_id, distance_slug) SELECT id, '6km' FROM public.races WHERE detail_url = 'https://www.correbrasil.com.br/desafio-bcw-2026';
INSERT INTO public.race_distances (race_id, distance_slug) SELECT id, '10km' FROM public.races WHERE detail_url = 'https://www.correbrasil.com.br/desafio-bcw-2026';
INSERT INTO public.races (sort_key, city, state, country, name, type_slug, provider_slug, detail_url) VALUES ('2026-08-02T03:00', 'Belo Horizonte', 'MG', 'Brasil', 'Circuito Banco do Brasil 2026 - Belo Horizonte', 'road', 'running-land', 'https://www.runningland.com.br/eventos/circuito-banco-do-brasil-2026-belo-horizonte');
INSERT INTO public.race_distances (race_id, distance_slug) SELECT id, '5km' FROM public.races WHERE detail_url = 'https://www.runningland.com.br/eventos/circuito-banco-do-brasil-2026-belo-horizonte';
INSERT INTO public.race_distances (race_id, distance_slug) SELECT id, '10km' FROM public.races WHERE detail_url = 'https://www.runningland.com.br/eventos/circuito-banco-do-brasil-2026-belo-horizonte';
INSERT INTO public.races (sort_key, city, state, country, name, type_slug, provider_slug, detail_url) VALUES ('2026-08-02T12:00', 'São Paulo', 'SP', 'Brasil', '3ª Hello Kitty and Friends Fun Run', 'road', 'yescom', 'https://www.yescom.com.br/hellokittyfunrun/2026/sp/index.asp');
INSERT INTO public.races (sort_key, city, state, country, name, type_slug, provider_slug, detail_url) VALUES ('2026-08-09T03:00', 'Natal', 'RN', 'Brasil', 'Circuito das Estações 2026 - Inverno - Natal', 'road', 'running-land', 'https://www.runningland.com.br/eventos/circuito-das-estacoes-2026-inverno-natal');
INSERT INTO public.race_distances (race_id, distance_slug) SELECT id, '5km' FROM public.races WHERE detail_url = 'https://www.runningland.com.br/eventos/circuito-das-estacoes-2026-inverno-natal';
INSERT INTO public.race_distances (race_id, distance_slug) SELECT id, '10km' FROM public.races WHERE detail_url = 'https://www.runningland.com.br/eventos/circuito-das-estacoes-2026-inverno-natal';
INSERT INTO public.races (sort_key, city, state, country, name, type_slug, provider_slug, detail_url) VALUES ('2026-08-16T03:00', 'São Paulo', 'SP', 'Brasil', 'Bravus Monster - São Paulo 2026', 'road', 'running-land', 'https://www.runningland.com.br/eventos/bravus-monster-s-o-paulo-2026');
INSERT INTO public.races (sort_key, city, state, country, name, type_slug, provider_slug, detail_url) VALUES ('2026-08-16T12:00', 'Rio de Janeiro', 'RJ', 'Brasil', '28ª Meia Maratona Intl do Rio de Janeiro - Rio Intl Half Marathon', 'road', 'yescom', 'https://www.yescom.com.br/meiadorio/2026/index.asp');
INSERT INTO public.races (sort_key, city, state, country, name, type_slug, provider_slug, detail_url) VALUES ('2026-08-16T12:00', 'Balneário Camboriú', 'SC', 'Brasil', 'CORRIDA BRISAS', 'road', 'corre-brasil', 'https://www.correbrasil.com.br/corrida-brisas-2026');
INSERT INTO public.race_distances (race_id, distance_slug) SELECT id, '5km' FROM public.races WHERE detail_url = 'https://www.correbrasil.com.br/corrida-brisas-2026';
INSERT INTO public.race_distances (race_id, distance_slug) SELECT id, '10km' FROM public.races WHERE detail_url = 'https://www.correbrasil.com.br/corrida-brisas-2026';
INSERT INTO public.races (sort_key, city, state, country, name, type_slug, provider_slug, detail_url) VALUES ('2026-08-23T16:19', 'Macaé', 'RJ', 'Brasil', 'Desafio Energia Petrobras - Bike - Recife 2026', 'road', 'running-land', 'https://www.runningland.com.br/eventos/desafio-energia-petrobras-bike-recife-2026');
INSERT INTO public.race_distances (race_id, distance_slug) SELECT id, '10km' FROM public.races WHERE detail_url = 'https://www.runningland.com.br/eventos/desafio-energia-petrobras-bike-recife-2026';
INSERT INTO public.races (sort_key, city, state, country, name, type_slug, provider_slug, detail_url) VALUES ('2026-08-30T03:00', 'Salvador', 'BA', 'Brasil', 'Blue Run 2026 - Salvador', 'road', 'running-land', 'https://www.runningland.com.br/eventos/blue-run-2026-salvador');
INSERT INTO public.race_distances (race_id, distance_slug) SELECT id, '5km' FROM public.races WHERE detail_url = 'https://www.runningland.com.br/eventos/blue-run-2026-salvador';
INSERT INTO public.race_distances (race_id, distance_slug) SELECT id, '10km' FROM public.races WHERE detail_url = 'https://www.runningland.com.br/eventos/blue-run-2026-salvador';
INSERT INTO public.races (sort_key, city, state, country, name, type_slug, provider_slug, detail_url) VALUES ('2026-08-30T05:30', 'São Paulo', 'SP', 'Brasil', 'Run The Bridge 2026', 'road', 'iguana-sports', 'https://iguanasports.com.br/blogs/calendario-corridas-de-rua/run-the-bridge-2026');
INSERT INTO public.race_distances (race_id, distance_slug) SELECT id, '5km' FROM public.races WHERE detail_url = 'https://iguanasports.com.br/blogs/calendario-corridas-de-rua/run-the-bridge-2026';
INSERT INTO public.race_distances (race_id, distance_slug) SELECT id, '10km' FROM public.races WHERE detail_url = 'https://iguanasports.com.br/blogs/calendario-corridas-de-rua/run-the-bridge-2026';
INSERT INTO public.race_distances (race_id, distance_slug) SELECT id, '15km' FROM public.races WHERE detail_url = 'https://iguanasports.com.br/blogs/calendario-corridas-de-rua/run-the-bridge-2026';
INSERT INTO public.race_distances (race_id, distance_slug) SELECT id, '30km' FROM public.races WHERE detail_url = 'https://iguanasports.com.br/blogs/calendario-corridas-de-rua/run-the-bridge-2026';
INSERT INTO public.races (sort_key, city, state, country, name, type_slug, provider_slug, detail_url) VALUES ('2026-09-01T12:00', 'Santa Catarina', 'SC', 'Brasil', 'VOLTA CICLÍSTICA', 'adventure', 'corre-brasil', 'https://www.correbrasil.com.br/calendario-corridas');
INSERT INTO public.races (sort_key, city, state, country, name, type_slug, provider_slug, detail_url) VALUES ('2026-09-06T03:00', 'Goiania', 'GO', 'Brasil', 'Circuito das Estações 2026 - Primavera - Goiânia', 'road', 'running-land', 'https://www.runningland.com.br/eventos/circuito-das-estacoes-2026-primavera-goiania');
INSERT INTO public.race_distances (race_id, distance_slug) SELECT id, '5km' FROM public.races WHERE detail_url = 'https://www.runningland.com.br/eventos/circuito-das-estacoes-2026-primavera-goiania';
INSERT INTO public.race_distances (race_id, distance_slug) SELECT id, '10km' FROM public.races WHERE detail_url = 'https://www.runningland.com.br/eventos/circuito-das-estacoes-2026-primavera-goiania';
INSERT INTO public.races (sort_key, city, state, country, name, type_slug, provider_slug, detail_url) VALUES ('2026-09-13T03:00', 'Cuiabá', 'MT', 'Brasil', 'Circuito das Estações 2026 - Primavera - Cuiabá', 'road', 'running-land', 'https://www.runningland.com.br/eventos/circuito-das-estacoes-2026-primavera-cuiaba');
INSERT INTO public.race_distances (race_id, distance_slug) SELECT id, '5km' FROM public.races WHERE detail_url = 'https://www.runningland.com.br/eventos/circuito-das-estacoes-2026-primavera-cuiaba';
INSERT INTO public.race_distances (race_id, distance_slug) SELECT id, '10km' FROM public.races WHERE detail_url = 'https://www.runningland.com.br/eventos/circuito-das-estacoes-2026-primavera-cuiaba';
INSERT INTO public.races (sort_key, city, state, country, name, type_slug, provider_slug, detail_url) VALUES ('2026-09-13T03:00', 'Vitória', 'ES', 'Brasil', 'Desafio Energia Petrobras - Bike - Vitória 2026', 'road', 'running-land', 'https://www.runningland.com.br/eventos/desafio-energia-petrobras-bike-vitoria-2026');
INSERT INTO public.race_distances (race_id, distance_slug) SELECT id, '10km' FROM public.races WHERE detail_url = 'https://www.runningland.com.br/eventos/desafio-energia-petrobras-bike-vitoria-2026';
INSERT INTO public.races (sort_key, city, state, country, name, type_slug, provider_slug, detail_url) VALUES ('2026-09-20T03:00', 'Anápolis', 'GO', 'Brasil', 'Circuito das Estações 2026 - Primavera - Anápolis', 'road', 'running-land', 'https://www.runningland.com.br/eventos/circuito-das-estacoes-2026-primavera-anapolis');
INSERT INTO public.race_distances (race_id, distance_slug) SELECT id, '5km' FROM public.races WHERE detail_url = 'https://www.runningland.com.br/eventos/circuito-das-estacoes-2026-primavera-anapolis';
INSERT INTO public.race_distances (race_id, distance_slug) SELECT id, '10km' FROM public.races WHERE detail_url = 'https://www.runningland.com.br/eventos/circuito-das-estacoes-2026-primavera-anapolis';
INSERT INTO public.races (sort_key, city, state, country, name, type_slug, provider_slug, detail_url) VALUES ('2026-09-20T03:00', 'São Luís', 'MA', 'Brasil', 'Circuito das Estações 2026 - Primavera - São Luís', 'road', 'running-land', 'https://www.runningland.com.br/eventos/circuito-das-estacoes-2026-primavera-s-o-luis');
INSERT INTO public.race_distances (race_id, distance_slug) SELECT id, '5km' FROM public.races WHERE detail_url = 'https://www.runningland.com.br/eventos/circuito-das-estacoes-2026-primavera-s-o-luis';
INSERT INTO public.race_distances (race_id, distance_slug) SELECT id, '10km' FROM public.races WHERE detail_url = 'https://www.runningland.com.br/eventos/circuito-das-estacoes-2026-primavera-s-o-luis';
INSERT INTO public.races (sort_key, city, state, country, name, type_slug, provider_slug, detail_url) VALUES ('2026-09-26T03:00', 'Campo Grande', 'MS', 'Brasil', 'Circuito das Estações 2026 - Primavera - Campo Grande', 'road', 'running-land', 'https://www.runningland.com.br/eventos/circuito-das-estacoes-2026-primavera-campo-grande');
INSERT INTO public.race_distances (race_id, distance_slug) SELECT id, '5km' FROM public.races WHERE detail_url = 'https://www.runningland.com.br/eventos/circuito-das-estacoes-2026-primavera-campo-grande';
INSERT INTO public.race_distances (race_id, distance_slug) SELECT id, '10km' FROM public.races WHERE detail_url = 'https://www.runningland.com.br/eventos/circuito-das-estacoes-2026-primavera-campo-grande';
INSERT INTO public.races (sort_key, city, state, country, name, type_slug, provider_slug, detail_url) VALUES ('2026-09-27T03:00', 'Aracaju', 'SE', 'Brasil', 'Circuito das Estações 2026 - Primavera - Aracaju', 'road', 'running-land', 'https://www.runningland.com.br/eventos/circuito-das-estacoes-2026-primavera-aracaju');
INSERT INTO public.race_distances (race_id, distance_slug) SELECT id, '5km' FROM public.races WHERE detail_url = 'https://www.runningland.com.br/eventos/circuito-das-estacoes-2026-primavera-aracaju';
INSERT INTO public.race_distances (race_id, distance_slug) SELECT id, '10km' FROM public.races WHERE detail_url = 'https://www.runningland.com.br/eventos/circuito-das-estacoes-2026-primavera-aracaju';
INSERT INTO public.races (sort_key, city, state, country, name, type_slug, provider_slug, detail_url) VALUES ('2026-09-27T03:00', 'João Pessoa', 'PB', 'Brasil', 'Circuito das Estações 2026 - Primavera - João Pessoa', 'road', 'running-land', 'https://www.runningland.com.br/eventos/circuito-das-estacoes-2026-primavera-jo-o-pessoa');
INSERT INTO public.race_distances (race_id, distance_slug) SELECT id, '5km' FROM public.races WHERE detail_url = 'https://www.runningland.com.br/eventos/circuito-das-estacoes-2026-primavera-jo-o-pessoa';
INSERT INTO public.race_distances (race_id, distance_slug) SELECT id, '10km' FROM public.races WHERE detail_url = 'https://www.runningland.com.br/eventos/circuito-das-estacoes-2026-primavera-jo-o-pessoa';
INSERT INTO public.races (sort_key, city, state, country, name, type_slug, provider_slug, detail_url) VALUES ('2026-09-27T03:00', 'Palmas', 'TO', 'Brasil', 'Circuito das Estações 2026 - Primavera - Palmas', 'road', 'running-land', 'https://www.runningland.com.br/eventos/circuito-das-estacoes-2026-primavera-palmas');
INSERT INTO public.race_distances (race_id, distance_slug) SELECT id, '5km' FROM public.races WHERE detail_url = 'https://www.runningland.com.br/eventos/circuito-das-estacoes-2026-primavera-palmas';
INSERT INTO public.race_distances (race_id, distance_slug) SELECT id, '10km' FROM public.races WHERE detail_url = 'https://www.runningland.com.br/eventos/circuito-das-estacoes-2026-primavera-palmas';
INSERT INTO public.races (sort_key, city, state, country, name, type_slug, provider_slug, detail_url) VALUES ('2026-09-27T03:00', 'Teresina', 'PI', 'Brasil', 'Circuito das Estações 2026 - Primavera - Teresina', 'road', 'running-land', 'https://www.runningland.com.br/eventos/circuito-das-estacoes-2026-primavera-teresina');
INSERT INTO public.race_distances (race_id, distance_slug) SELECT id, '5km' FROM public.races WHERE detail_url = 'https://www.runningland.com.br/eventos/circuito-das-estacoes-2026-primavera-teresina';
INSERT INTO public.race_distances (race_id, distance_slug) SELECT id, '10km' FROM public.races WHERE detail_url = 'https://www.runningland.com.br/eventos/circuito-das-estacoes-2026-primavera-teresina';
INSERT INTO public.races (sort_key, city, state, country, name, type_slug, provider_slug, detail_url) VALUES ('2026-10-11T03:00', 'Natal', 'RN', 'Brasil', 'Circuito das Estações 2026 - Primavera - Natal', 'road', 'running-land', 'https://www.runningland.com.br/eventos/circuito-das-estacoes-2026-primavera-natal');
INSERT INTO public.race_distances (race_id, distance_slug) SELECT id, '5km' FROM public.races WHERE detail_url = 'https://www.runningland.com.br/eventos/circuito-das-estacoes-2026-primavera-natal';
INSERT INTO public.race_distances (race_id, distance_slug) SELECT id, '10km' FROM public.races WHERE detail_url = 'https://www.runningland.com.br/eventos/circuito-das-estacoes-2026-primavera-natal';
INSERT INTO public.races (sort_key, city, state, country, name, type_slug, provider_slug, detail_url) VALUES ('2026-10-17T12:00', 'Pomerode', 'SC', 'Brasil', 'MARATONA INTERNACIONAL DE POMERODE', 'road', 'corre-brasil', 'https://www.correbrasil.com.br/maratona-de-pomerode-2026');
INSERT INTO public.race_distances (race_id, distance_slug) SELECT id, '6km' FROM public.races WHERE detail_url = 'https://www.correbrasil.com.br/maratona-de-pomerode-2026';
INSERT INTO public.races (sort_key, city, state, country, name, type_slug, provider_slug, detail_url) VALUES ('2026-10-18T05:30', 'São Paulo', 'SP', 'Brasil', 'Mizuno Athenas Run Longer 2026', 'road', 'iguana-sports', 'https://iguanasports.com.br/blogs/calendario-corridas-de-rua/athenas-run-longer-2026');
INSERT INTO public.race_distances (race_id, distance_slug) SELECT id, '7km' FROM public.races WHERE detail_url = 'https://iguanasports.com.br/blogs/calendario-corridas-de-rua/athenas-run-longer-2026';
INSERT INTO public.race_distances (race_id, distance_slug) SELECT id, '14km' FROM public.races WHERE detail_url = 'https://iguanasports.com.br/blogs/calendario-corridas-de-rua/athenas-run-longer-2026';
INSERT INTO public.race_distances (race_id, distance_slug) SELECT id, '21-1km' FROM public.races WHERE detail_url = 'https://iguanasports.com.br/blogs/calendario-corridas-de-rua/athenas-run-longer-2026';
INSERT INTO public.race_distances (race_id, distance_slug) SELECT id, '28km' FROM public.races WHERE detail_url = 'https://iguanasports.com.br/blogs/calendario-corridas-de-rua/athenas-run-longer-2026';
INSERT INTO public.races (sort_key, city, state, country, name, type_slug, provider_slug, detail_url) VALUES ('2026-10-18T08:30', 'São Paulo', 'SP', 'Brasil', 'Athenas Kids Run Longer 2026', 'road', 'iguana-sports', 'https://iguanasports.com.br/blogs/calendario-corridas-de-rua/athenas-kids-run-longer-2026');
INSERT INTO public.race_distances (race_id, distance_slug) SELECT id, 'kids-run' FROM public.races WHERE detail_url = 'https://iguanasports.com.br/blogs/calendario-corridas-de-rua/athenas-kids-run-longer-2026';
INSERT INTO public.races (sort_key, city, state, country, name, type_slug, provider_slug, detail_url) VALUES ('2026-11-08T02:00', 'Ribeirão Preto', 'SP', 'Brasil', 'Blue Run - Ribeirão Preto 2026', 'road', 'running-land', 'https://www.runningland.com.br/eventos/blue-run-ribeir-o-preto-2026');
INSERT INTO public.race_distances (race_id, distance_slug) SELECT id, '5km' FROM public.races WHERE detail_url = 'https://www.runningland.com.br/eventos/blue-run-ribeir-o-preto-2026';
INSERT INTO public.race_distances (race_id, distance_slug) SELECT id, '10km' FROM public.races WHERE detail_url = 'https://www.runningland.com.br/eventos/blue-run-ribeir-o-preto-2026';
INSERT INTO public.races (sort_key, city, state, country, name, type_slug, provider_slug, detail_url) VALUES ('2026-11-08T02:00', 'Rio de Janeiro', 'RJ', 'Brasil', 'Desafio Energia Petrobras - Bike - Rio de Janeiro 2026', 'road', 'running-land', 'https://www.runningland.com.br/eventos/desafio-energia-petrobras-bike-rio-de-janeiro-2026');
INSERT INTO public.race_distances (race_id, distance_slug) SELECT id, '10km' FROM public.races WHERE detail_url = 'https://www.runningland.com.br/eventos/desafio-energia-petrobras-bike-rio-de-janeiro-2026';
INSERT INTO public.races (sort_key, city, state, country, name, type_slug, provider_slug, detail_url) VALUES ('2026-11-11T12:00', 'Nova Trento', 'SC', 'Brasil', 'MONS ULTRA TRAIL', 'trail', 'corre-brasil', 'https://monsultratrail.com.br/');
INSERT INTO public.race_distances (race_id, distance_slug) SELECT id, '12km' FROM public.races WHERE detail_url = 'https://monsultratrail.com.br/';
INSERT INTO public.races (sort_key, city, state, country, name, type_slug, provider_slug, detail_url) VALUES ('2026-11-22T02:00', 'Campinas', 'SP', 'Brasil', 'Blue Run 2026 - Campinas', 'road', 'running-land', 'https://www.runningland.com.br/eventos/blue-run-2026-campinas');
INSERT INTO public.race_distances (race_id, distance_slug) SELECT id, '5km' FROM public.races WHERE detail_url = 'https://www.runningland.com.br/eventos/blue-run-2026-campinas';
INSERT INTO public.race_distances (race_id, distance_slug) SELECT id, '10km' FROM public.races WHERE detail_url = 'https://www.runningland.com.br/eventos/blue-run-2026-campinas';
INSERT INTO public.races (sort_key, city, state, country, name, type_slug, provider_slug, detail_url) VALUES ('2026-11-22T02:00', 'Aracaju', 'SE', 'Brasil', 'Circuito das Estações 2026 - Verão - Aracaju', 'road', 'running-land', 'https://www.runningland.com.br/eventos/circuito-das-estacoes-2026-ver-o-aracaju');
INSERT INTO public.race_distances (race_id, distance_slug) SELECT id, '5km' FROM public.races WHERE detail_url = 'https://www.runningland.com.br/eventos/circuito-das-estacoes-2026-ver-o-aracaju';
INSERT INTO public.race_distances (race_id, distance_slug) SELECT id, '10km' FROM public.races WHERE detail_url = 'https://www.runningland.com.br/eventos/circuito-das-estacoes-2026-ver-o-aracaju';
INSERT INTO public.races (sort_key, city, state, country, name, type_slug, provider_slug, detail_url) VALUES ('2026-11-29T02:00', 'São Paulo', 'SP', 'Brasil', 'Bravus SPEED II - São Paulo 2026', 'road', 'running-land', 'https://www.runningland.com.br/eventos/bravus-speed-ii-s-o-paulo-2026');
INSERT INTO public.races (sort_key, city, state, country, name, type_slug, provider_slug, detail_url) VALUES ('2026-11-29T06:00', 'São Paulo', 'SP', 'Brasil', 'Venus Women''s Half Marathon 2026', 'road', 'iguana-sports', 'https://iguanasports.com.br/blogs/calendario-corridas-de-rua/venus-womens-half-marathon-2026');
INSERT INTO public.race_distances (race_id, distance_slug) SELECT id, '5km' FROM public.races WHERE detail_url = 'https://iguanasports.com.br/blogs/calendario-corridas-de-rua/venus-womens-half-marathon-2026';
INSERT INTO public.race_distances (race_id, distance_slug) SELECT id, '10km' FROM public.races WHERE detail_url = 'https://iguanasports.com.br/blogs/calendario-corridas-de-rua/venus-womens-half-marathon-2026';
INSERT INTO public.race_distances (race_id, distance_slug) SELECT id, '15km' FROM public.races WHERE detail_url = 'https://iguanasports.com.br/blogs/calendario-corridas-de-rua/venus-womens-half-marathon-2026';
INSERT INTO public.race_distances (race_id, distance_slug) SELECT id, '21-1km' FROM public.races WHERE detail_url = 'https://iguanasports.com.br/blogs/calendario-corridas-de-rua/venus-womens-half-marathon-2026';
INSERT INTO public.races (sort_key, city, state, country, name, type_slug, provider_slug, detail_url) VALUES ('2026-11-29T12:00', 'Florianópolis', 'SC', 'Brasil', 'MEIA MARATONA SC21K', 'road', 'corre-brasil', 'https://www.correbrasil.com.br/sc21k-2026');
INSERT INTO public.race_distances (race_id, distance_slug) SELECT id, '5km' FROM public.races WHERE detail_url = 'https://www.correbrasil.com.br/sc21k-2026';
INSERT INTO public.race_distances (race_id, distance_slug) SELECT id, '15km' FROM public.races WHERE detail_url = 'https://www.correbrasil.com.br/sc21k-2026';
INSERT INTO public.races (sort_key, city, state, country, name, type_slug, provider_slug, detail_url) VALUES ('2026-12-06T02:00', 'Palmas', 'TO', 'Brasil', 'Circuito das Estações 2026 - Verão - Palmas', 'road', 'running-land', 'https://www.runningland.com.br/eventos/circuito-das-estacoes-2026-ver-o-palmas');
INSERT INTO public.race_distances (race_id, distance_slug) SELECT id, '5km' FROM public.races WHERE detail_url = 'https://www.runningland.com.br/eventos/circuito-das-estacoes-2026-ver-o-palmas';
INSERT INTO public.race_distances (race_id, distance_slug) SELECT id, '10km' FROM public.races WHERE detail_url = 'https://www.runningland.com.br/eventos/circuito-das-estacoes-2026-ver-o-palmas';
INSERT INTO public.races (sort_key, city, state, country, name, type_slug, provider_slug, detail_url) VALUES ('2026-12-06T02:00', 'São Luís', 'MA', 'Brasil', 'Circuito das Estações 2026 - Verão - São Luís', 'road', 'running-land', 'https://www.runningland.com.br/eventos/circuito-das-estacoes-2026-ver-o-s-o-luis');
INSERT INTO public.race_distances (race_id, distance_slug) SELECT id, '5km' FROM public.races WHERE detail_url = 'https://www.runningland.com.br/eventos/circuito-das-estacoes-2026-ver-o-s-o-luis';
INSERT INTO public.race_distances (race_id, distance_slug) SELECT id, '10km' FROM public.races WHERE detail_url = 'https://www.runningland.com.br/eventos/circuito-das-estacoes-2026-ver-o-s-o-luis';
INSERT INTO public.races (sort_key, city, state, country, name, type_slug, provider_slug, detail_url) VALUES ('2026-12-06T02:00', 'Teresina', 'PI', 'Brasil', 'Circuito das Estações 2026 - Verão - Teresina', 'road', 'running-land', 'https://www.runningland.com.br/eventos/circuito-das-estacoes-2026-ver-o-teresina');
INSERT INTO public.race_distances (race_id, distance_slug) SELECT id, '5km' FROM public.races WHERE detail_url = 'https://www.runningland.com.br/eventos/circuito-das-estacoes-2026-ver-o-teresina';
INSERT INTO public.race_distances (race_id, distance_slug) SELECT id, '10km' FROM public.races WHERE detail_url = 'https://www.runningland.com.br/eventos/circuito-das-estacoes-2026-ver-o-teresina';
INSERT INTO public.races (sort_key, city, state, country, name, type_slug, provider_slug, detail_url) VALUES ('2026-12-06T12:00', 'Belo Horizonte', 'MG', 'Brasil', '27ª Volta Intl da Pampulha', 'road', 'yescom', 'https://www.yescom.com.br/voltadapampulha/2026/index.asp');
INSERT INTO public.races (sort_key, city, state, country, name, type_slug, provider_slug, detail_url) VALUES ('2026-12-06T19:35', 'Cuiabá', 'MT', 'Brasil', 'Circuito das Estações 2026 - Verão - Cuiabá', 'road', 'running-land', 'https://www.runningland.com.br/eventos/circuito-das-estacoes-2026-ver-o-cuiaba');
INSERT INTO public.race_distances (race_id, distance_slug) SELECT id, '5km' FROM public.races WHERE detail_url = 'https://www.runningland.com.br/eventos/circuito-das-estacoes-2026-ver-o-cuiaba';
INSERT INTO public.race_distances (race_id, distance_slug) SELECT id, '10km' FROM public.races WHERE detail_url = 'https://www.runningland.com.br/eventos/circuito-das-estacoes-2026-ver-o-cuiaba';
INSERT INTO public.races (sort_key, city, state, country, name, type_slug, provider_slug, detail_url) VALUES ('2026-12-13T02:00', 'Anápolis', 'GO', 'Brasil', 'Circuito das Estações 2026 - Verão - Anápolis', 'road', 'running-land', 'https://www.runningland.com.br/eventos/circuito-das-estacoes-2026-ver-o-anapolis');
INSERT INTO public.race_distances (race_id, distance_slug) SELECT id, '5km' FROM public.races WHERE detail_url = 'https://www.runningland.com.br/eventos/circuito-das-estacoes-2026-ver-o-anapolis';
INSERT INTO public.race_distances (race_id, distance_slug) SELECT id, '10km' FROM public.races WHERE detail_url = 'https://www.runningland.com.br/eventos/circuito-das-estacoes-2026-ver-o-anapolis';
INSERT INTO public.races (sort_key, city, state, country, name, type_slug, provider_slug, detail_url) VALUES ('2026-12-13T02:00', 'Campo Grande', 'MS', 'Brasil', 'Circuito das Estações 2026 - Verão - Campo Grande', 'road', 'running-land', 'https://www.runningland.com.br/eventos/circuito-das-estacoes-2026-ver-o-campo-grande');
INSERT INTO public.race_distances (race_id, distance_slug) SELECT id, '5km' FROM public.races WHERE detail_url = 'https://www.runningland.com.br/eventos/circuito-das-estacoes-2026-ver-o-campo-grande';
INSERT INTO public.race_distances (race_id, distance_slug) SELECT id, '10km' FROM public.races WHERE detail_url = 'https://www.runningland.com.br/eventos/circuito-das-estacoes-2026-ver-o-campo-grande';
INSERT INTO public.races (sort_key, city, state, country, name, type_slug, provider_slug, detail_url) VALUES ('2026-12-13T02:00', 'João Pessoa', 'PB', 'Brasil', 'Circuito das Estações 2026 - Verão - João Pessoa', 'road', 'running-land', 'https://www.runningland.com.br/eventos/circuito-das-estacoes-2026-ver-o-jo-o-pessoa');
INSERT INTO public.race_distances (race_id, distance_slug) SELECT id, '5km' FROM public.races WHERE detail_url = 'https://www.runningland.com.br/eventos/circuito-das-estacoes-2026-ver-o-jo-o-pessoa';
INSERT INTO public.race_distances (race_id, distance_slug) SELECT id, '10km' FROM public.races WHERE detail_url = 'https://www.runningland.com.br/eventos/circuito-das-estacoes-2026-ver-o-jo-o-pessoa';
INSERT INTO public.races (sort_key, city, state, country, name, type_slug, provider_slug, detail_url) VALUES ('2026-12-20T02:00', 'Goiania', 'GO', 'Brasil', 'Circuito das Estações 2026 - Verão - Goiânia', 'road', 'running-land', 'https://www.runningland.com.br/eventos/circuito-das-estacoes-2026-ver-o-goiania');
INSERT INTO public.race_distances (race_id, distance_slug) SELECT id, '5km' FROM public.races WHERE detail_url = 'https://www.runningland.com.br/eventos/circuito-das-estacoes-2026-ver-o-goiania';
INSERT INTO public.race_distances (race_id, distance_slug) SELECT id, '10km' FROM public.races WHERE detail_url = 'https://www.runningland.com.br/eventos/circuito-das-estacoes-2026-ver-o-goiania';
INSERT INTO public.races (sort_key, city, state, country, name, type_slug, provider_slug, detail_url) VALUES ('2026-12-20T02:00', 'Natal', 'RN', 'Brasil', 'Circuito das Estações 2026 - Verão - Natal', 'road', 'running-land', 'https://www.runningland.com.br/eventos/circuito-das-estacoes-2026-ver-o-natal');
INSERT INTO public.race_distances (race_id, distance_slug) SELECT id, '5km' FROM public.races WHERE detail_url = 'https://www.runningland.com.br/eventos/circuito-das-estacoes-2026-ver-o-natal';
INSERT INTO public.race_distances (race_id, distance_slug) SELECT id, '10km' FROM public.races WHERE detail_url = 'https://www.runningland.com.br/eventos/circuito-das-estacoes-2026-ver-o-natal';
COMMIT;
